Nazwa,Wersja,Dostępność,Ocena,Cena,Data_Utworzenia,Specjalizacja,Imię_Twórcy,Nazwisko_Twórcy,Płeć_Twórcy,Kraj,Email_Serwisowy
Bamity,0.95,Android,1,$19.99,7/19/2021,Kreator Postaci,Giles,Studdeard,Male,Ukraine,gstuddeard0@slideshare.net
Latlux,8.5,Android,4,$7.49,12/17/2019,Tłumacz,Ambros,Fernando,Polygender,Russia,afernando1@alexa.com
Ronstring,2.9,Android,4,$16.46,11/5/2020,Galeria tematyczna,Lucias,Springham,Male,Indonesia,lspringham2@blinklist.com
Holdlamis,9.5,Android,5,$34.95,4/23/2021,Komunikator,Calv,Lotwich,Genderfluid,Croatia,clotwich3@jigsy.com
Redhold,3.67,IOS,0,$10.05,4/29/2021,Wyszukiwarka Synonimów,Yurik,MacArte,Female,China,ymacarte4@wunderground.com
Latlux,1.1,Android,5,$31.12,1/27/2021,Tłumacz,Cindie,Giddons,Female,Palestinian Territory,cgiddons5@craigslist.org
Hatity,0.3.4,Android,3,$43.25,3/6/2021,Tłumacz,Esta,Jukes,Female,Colombia,ejukes6@springer.com
Tempsoft,0.54,IOS,5,$3.78,9/12/2020,Notatnik,Eleanor,Popple,Non-binary,Brazil,epopple7@zdnet.com
Latlux,0.62,IOS,3,$43.72,8/1/2020,Wyszukiwarka Synonimów,Gene,Gretton,Male,Brazil,ggretton8@zimbio.com
Gembucket,0.6.4,Android,3,$28.27,5/1/2021,Notatnik,Sander,Python,Female,Ukraine,spython9@stanford.edu
Zoolab,0.12,IOS,1,$1.97,11/12/2020,Sprawdzanie Poprawności Pisowni,Rose,Nazair,Agender,China,rnazaira@shareasale.com
Stringtough,0.1.4,Android,4,$38.02,7/28/2021,Tłumacz,Godwin,Delamar,Female,Indonesia,gdelamarb@census.gov
Y-Solowarm,0.40,IOS,2,$48.36,10/4/2020,Tłumacz,Misti,Bothwell,Polygender,Nigeria,mbothwellc@diigo.com
Flowdesk,0.78,Android,3,$48.65,4/25/2020,Sprawdzanie Poprawności Pisowni,Dean,Scothorne,Female,Kazakhstan,dscothorned@dmoz.org
Voyatouch,8.79,IOS,1,$9.01,1/9/2020,Galeria tematyczna,Sallee,Godart,Genderqueer,Italy,sgodarte@utexas.edu
Duobam,0.3.6,Android,2,$44.24,7/11/2021,Kreator Okładek,Victoria,Ellor,Genderfluid,Indonesia,vellorf@wunderground.com
Sonsing,4.9.4,IOS,1,$41.49,3/10/2020,Notatnik,Maxi,Avrahamy,Non-binary,Indonesia,mavrahamyg@exblog.jp
Overhold,7.14,Android,4,$39.68,11/27/2021,Sprawdzanie Poprawności Pisowni,Vonny,Yakuntzov,Agender,Indonesia,vyakuntzovh@phoca.cz
Greenlam,2.54,IOS,4,$44.88,1/8/2020,Wyszukiwarka Synonimów,Mattie,Lavallin,Bigender,Colombia,mlavallini@nhs.uk
Hatity,0.79,IOS,2,$1.77,3/14/2021,Odtwarzacz muzyki,Prudence,Gavagan,Genderfluid,Sweden,pgavaganj@51.la
Transcof,0.54,Android,2,$1.83,10/7/2020,Galeria tematyczna,Olga,Mattiessen,Agender,Peru,omattiessenk@usnews.com
Latlux,5.91,Android,0,$45.38,9/6/2020,Kreator Postaci,Gonzales,Cutbush,Female,Brazil,gcutbushl@telegraph.co.uk
Zontrax,0.98,IOS,5,$26.24,1/19/2020,Galeria tematyczna,Ursulina,Ferrarese,Polygender,United States,uferraresem@google.com.br
Stringtough,0.17,Android,0,$10.23,1/19/2021,Blog,Aime,Rutgers,Female,Luxembourg,arutgersn@ucoz.ru
Gembucket,0.85,Android,3,$11.95,1/5/2020,Blog,Ardis,Maggiore,Bigender,Myanmar,amaggioreo@harvard.edu
Home Ing,0.1.7,IOS,0,$10.40,9/29/2020,Notatnik,Toiboid,Curley,Male,Nigeria,tcurleyp@un.org
Alphazap,2.61,IOS,2,$22.49,9/11/2021,Kreator Okładek,Lorettalorna,Domenc,Genderfluid,Philippines,ldomencq@chronoengine.com
Y-Solowarm,8.1,IOS,0,$43.18,12/23/2020,Kreator Postaci,Emmey,MacCurley,Male,Vietnam,emaccurleyr@ihg.com
Sub-Ex,3.6.4,IOS,3,$44.76,2/11/2020,Kreator Postaci,Veradis,Duley,Polygender,Palestinian Territory,vduleys@dyndns.org
Cardify,0.44,Android,5,$45.03,3/4/2020,Wyszukiwarka Synonimów,Damaris,Mahaffey,Polygender,China,dmahaffeyt@google.fr
Zoolab,0.22,IOS,4,$39.08,12/6/2020,Galeria tematyczna,Dominik,Sloam,Polygender,Syria,dsloamu@goo.ne.jp
Matsoft,8.56,IOS,1,$48.22,10/12/2021,Odtwarzacz muzyki,Desirae,Tarte,Female,China,dtartev@chron.com
Zamit,7.6,Android,1,$30.26,2/26/2021,Komunikator,Orton,Lukianov,Non-binary,Peru,olukianovw@mapquest.com
Rank,8.9.5,IOS,3,$3.85,5/15/2021,Odtwarzacz muzyki,Stirling,O'Corrin,Non-binary,Egypt,socorrinx@free.fr
Bytecard,0.6.3,Android,1,$23.86,3/20/2021,Tłumacz,Aaron,Parkhouse,Bigender,China,aparkhousey@joomla.org
Tresom,1.4.3,Android,0,$37.94,1/15/2021,Blog,Martha,Fleischer,Bigender,Philippines,mfleischerz@stumbleupon.com
Sonair,2.0,IOS,2,$22.63,1/6/2021,Notatnik,Chickie,Fluger,Female,Indonesia,cfluger10@blinklist.com
Cookley,1.7,Android,5,$27.98,6/27/2021,Blog,Anders,Warfield,Bigender,China,awarfield11@bbc.co.uk
Keylex,0.5.5,Android,1,$4.15,1/26/2021,Blog,Emalia,Caile,Female,Greece,ecaile12@usnews.com
Latlux,1.05,IOS,4,$39.39,5/14/2020,Komunikator,Clovis,Dimelow,Bigender,China,cdimelow13@va.gov
Latlux,9.5.4,Android,0,$4.72,1/24/2021,Odtwarzacz muzyki,Stanford,Ende,Genderqueer,Pakistan,sende14@state.gov
Transcof,3.9,Android,0,$7.67,6/27/2020,Odtwarzacz muzyki,Ad,Coveley,Genderqueer,Kyrgyzstan,acoveley15@nba.com
Toughjoyfax,7.9,Android,4,$34.52,2/5/2020,Odtwarzacz muzyki,Natala,Kloska,Agender,China,nkloska16@independent.co.uk
Job,8.9.8,Android,0,$0.51,4/24/2020,Galeria tematyczna,Beulah,Heffernon,Bigender,China,bheffernon17@thetimes.co.uk
Transcof,0.2.1,Android,5,$2.65,5/22/2020,Kreator Postaci,Ram,Camplen,Genderfluid,China,rcamplen18@eventbrite.com
Lotlux,0.56,Android,5,$38.86,12/23/2019,Kreator Postaci,Isidoro,Walpole,Non-binary,China,iwalpole19@uiuc.edu
Gembucket,0.85,Android,0,$15.74,5/2/2021,Tłumacz,Pascale,Heustice,Non-binary,Peru,pheustice1a@barnesandnoble.com
Hatity,0.43,IOS,1,$20.86,11/1/2020,Galeria tematyczna,Ase,Suff,Female,United States,asuff1b@upenn.edu
Prodder,1.7.2,IOS,1,$37.40,11/11/2021,Sprawdzanie Poprawności Pisowni,Rhianon,Spore,Bigender,China,rspore1c@wp.com
Quo Lux,6.0,Android,1,$48.29,8/9/2020,Blog,Luther,Wolfers,Genderqueer,Micronesia,lwolfers1d@blogs.com
Viva,8.69,Android,5,$35.34,1/23/2020,Komunikator,Georg,Swepstone,Genderqueer,Guatemala,gswepstone1e@illinois.edu
Fintone,2.1,Android,3,$48.61,2/19/2021,Kreator Okładek,Catlee,Sneesby,Genderfluid,Russia,csneesby1f@microsoft.com
Trippledex,6.7,IOS,4,$37.34,6/18/2020,Komunikator,Boris,Menendes,Bigender,Czech Republic,bmenendes1g@amazonaws.com
Mat Lam Tam,0.18,IOS,1,$18.99,3/13/2021,Blog,Inesita,McPhelimey,Agender,Russia,imcphelimey1h@ftc.gov
Andalax,0.29,Android,2,$43.71,12/14/2019,Notatnik,Ariela,Flello,Non-binary,Belarus,aflello1i@dailymail.co.uk
Flexidy,0.39,IOS,4,$10.01,12/23/2020,Tłumacz,Hieronymus,Widdison,Bigender,United States,hwiddison1j@spiegel.de
Zaam-Dox,3.7,IOS,4,$37.26,11/14/2021,Wyszukiwarka Synonimów,Edna,Dreelan,Genderfluid,China,edreelan1k@techcrunch.com
Domainer,5.5,IOS,1,$2.52,12/26/2020,Sprawdzanie Poprawności Pisowni,Yule,Turfus,Genderfluid,Finland,yturfus1l@phoca.cz
Bitwolf,0.1.0,IOS,2,$33.63,2/25/2021,Komunikator,Anatollo,Dayes,Non-binary,Indonesia,adayes1m@wikispaces.com
Otcom,9.95,Android,1,$7.06,12/28/2019,Galeria tematyczna,Harris,Wackly,Genderfluid,Micronesia,hwackly1n@apple.com
Zontrax,5.5.4,IOS,5,$21.02,1/9/2020,Kreator Postaci,Catlaina,Barnson,Bigender,Philippines,cbarnson1o@icio.us
Voyatouch,3.4.9,IOS,5,$45.28,8/19/2021,Wyszukiwarka Synonimów,Ursuline,Yegorkin,Agender,Mexico,uyegorkin1p@istockphoto.com
Sub-Ex,8.91,Android,5,$1.84,12/30/2019,Blog,Moises,Klimas,Genderfluid,Indonesia,mklimas1q@last.fm
Fixflex,2.9,Android,0,$23.54,4/10/2021,Notatnik,Sofie,Oxx,Bigender,China,soxx1r@tamu.edu
Fix San,2.92,Android,5,$21.79,1/6/2021,Kreator Okładek,Tiphanie,Toupe,Non-binary,China,ttoupe1s@twitter.com
Redhold,0.7.8,Android,2,$32.65,11/21/2021,Blog,Rosabel,Rigden,Genderfluid,Mexico,rrigden1t@patch.com
Y-find,2.3,Android,1,$30.66,4/27/2021,Kreator Postaci,Prince,McCaughan,Genderqueer,Czech Republic,pmccaughan1u@yahoo.com
Kanlam,2.4.9,Android,0,$9.46,2/18/2020,Kreator Postaci,Bethany,Wittleton,Genderqueer,Mongolia,bwittleton1v@360.cn
Treeflex,4.3,Android,1,$12.82,7/26/2020,Odtwarzacz muzyki,Georgine,Sainter,Genderfluid,Russia,gsainter1w@themeforest.net
Lotlux,2.54,IOS,3,$32.25,10/1/2020,Kreator Postaci,Grantley,Cud,Genderfluid,China,gcud1x@desdev.cn
Cookley,4.8.5,Android,1,$18.21,7/9/2021,Notatnik,Zebulen,Allberry,Female,United States,zallberry1y@theguardian.com
Bitchip,0.2.8,Android,5,$30.44,11/28/2021,Blog,Shaina,Wybern,Genderfluid,China,swybern1z@marketwatch.com
Kanlam,0.9.0,IOS,5,$26.07,10/17/2020,Sprawdzanie Poprawności Pisowni,Yoshiko,Borthram,Female,China,yborthram20@blogger.com
Subin,5.20,IOS,0,$23.79,6/30/2021,Wyszukiwarka Synonimów,Gideon,Ramel,Bigender,Portugal,gramel21@technorati.com
Rank,4.7,IOS,3,$37.17,1/29/2020,Odtwarzacz muzyki,Cristie,Scriver,Bigender,Honduras,cscriver22@eventbrite.com
Alphazap,7.29,IOS,2,$40.63,3/31/2021,Komunikator,Doll,Oen,Genderqueer,Czech Republic,doen23@state.gov
Opela,8.53,Android,4,$14.13,7/20/2021,Odtwarzacz muzyki,Dorri,Hugo,Bigender,China,dhugo24@cdc.gov
Cookley,3.3,IOS,0,$29.54,10/21/2021,Tłumacz,Joceline,Daldan,Polygender,France,jdaldan25@ocn.ne.jp
Lotstring,0.26,IOS,1,$27.93,7/8/2020,Odtwarzacz muzyki,Mackenzie,Nelissen,Non-binary,China,mnelissen26@marketwatch.com
Matsoft,0.15,IOS,2,$47.75,8/9/2020,Blog,Melesa,Saxon,Male,Colombia,msaxon27@npr.org
Prodder,0.3.6,IOS,0,$42.46,8/19/2020,Tłumacz,Zachery,Beynke,Genderqueer,Argentina,zbeynke28@unc.edu
Konklux,2.65,IOS,0,$23.76,2/24/2021,Kreator Okładek,Adoree,Tilmouth,Genderfluid,Philippines,atilmouth29@nymag.com
Bigtax,0.92,Android,5,$13.73,10/31/2020,Sprawdzanie Poprawności Pisowni,Tilda,Landell,Bigender,Ukraine,tlandell2a@dailymotion.com
Y-Solowarm,1.7.3,Android,3,$21.87,1/13/2020,Kreator Postaci,Albie,Bodega,Agender,China,abodega2b@economist.com
Redhold,0.89,IOS,0,$12.92,2/14/2020,Kreator Postaci,Etta,Pepperill,Genderqueer,Philippines,epepperill2c@japanpost.jp
Alphazap,5.52,IOS,1,$1.41,3/11/2020,Galeria tematyczna,Deny,Pardal,Genderqueer,South Korea,dpardal2d@msu.edu
Zathin,3.54,IOS,1,$37.88,10/31/2020,Blog,Britni,Temby,Genderqueer,Malaysia,btemby2e@shinystat.com
Matsoft,0.59,IOS,2,$13.35,9/1/2020,Galeria tematyczna,Belva,Gludor,Polygender,Indonesia,bgludor2f@nytimes.com
Fixflex,6.1,Android,5,$9.26,5/31/2020,Odtwarzacz muzyki,Enos,Carillo,Genderqueer,Portugal,ecarillo2g@fotki.com
Temp,7.7.0,IOS,4,$47.81,1/30/2020,Kreator Okładek,Sibley,Buzek,Non-binary,Luxembourg,sbuzek2h@slate.com
Job,9.78,Android,5,$31.67,7/29/2020,Kreator Postaci,Glendon,Stidston,Non-binary,Ghana,gstidston2i@hugedomains.com
Alpha,5.7,Android,0,$47.43,7/5/2021,Blog,Osborn,Mosson,Non-binary,Slovenia,omosson2j@i2i.jp
Veribet,2.5,Android,1,$3.28,2/28/2021,Tłumacz,Rowe,Piatti,Female,Philippines,rpiatti2k@illinois.edu
Gembucket,1.0,Android,1,$5.05,3/5/2020,Galeria tematyczna,Kahlil,Ottiwill,Agender,Indonesia,kottiwill2l@chronoengine.com
Trippledex,3.4.2,IOS,5,$32.67,1/29/2020,Blog,Aubree,Rosencrantz,Female,China,arosencrantz2m@npr.org
Latlux,7.37,Android,4,$28.94,2/11/2021,Sprawdzanie Poprawności Pisowni,Danella,Davidesco,Genderfluid,Serbia,ddavidesco2n@apple.com
Opela,7.0.5,Android,2,$5.26,8/28/2021,Komunikator,Leo,Thominga,Female,Peru,lthominga2o@wordpress.com
Span,8.8.8,Android,3,$7.33,9/7/2021,Galeria tematyczna,Don,Lovatt,Genderqueer,Philippines,dlovatt2p@si.edu
Sonair,0.63,Android,1,$48.06,2/7/2020,Galeria tematyczna,Zonnya,Donaher,Agender,Ukraine,zdonaher2q@myspace.com
Zamit,0.9.1,IOS,2,$34.08,6/18/2020,Galeria tematyczna,Mohammed,Aikett,Female,Netherlands,maikett2r@marketwatch.com
Cardify,0.6.9,IOS,5,$12.85,5/2/2021,Notatnik,Sophi,Bowller,Polygender,France,sbowller2s@t-online.de
Alphazap,8.35,IOS,1,$13.68,3/4/2021,Tłumacz,Sigismondo,Corradi,Polygender,Japan,scorradi2t@bandcamp.com
Otcom,8.5.9,IOS,5,$34.39,1/5/2020,Odtwarzacz muzyki,Marcie,Schild,Bigender,China,mschild2u@springer.com
Sub-Ex,2.2.1,IOS,4,$48.69,12/27/2020,Tłumacz,Rozele,Mapples,Non-binary,Thailand,rmapples2v@chron.com
Temp,3.1.9,Android,5,$43.26,5/13/2021,Wyszukiwarka Synonimów,Kevin,Lipp,Male,United States,klipp2w@1und1.de
Trippledex,0.78,IOS,3,$35.97,8/11/2020,Galeria tematyczna,Molli,Joslyn,Agender,Sweden,mjoslyn2x@github.io
Stim,0.7.2,IOS,1,$13.61,6/20/2021,Notatnik,Rhody,Woollons,Genderfluid,North Korea,rwoollons2y@dell.com
Veribet,0.8.7,Android,1,$10.89,8/7/2021,Galeria tematyczna,Lazarus,Logan,Agender,China,llogan2z@printfriendly.com
Pannier,8.1,Android,3,$45.38,12/9/2020,Tłumacz,Jaquenette,Crisford,Agender,Argentina,jcrisford30@unblog.fr
Matsoft,0.41,Android,2,$47.21,12/14/2020,Komunikator,Yehudi,Gimbrett,Female,Brazil,ygimbrett31@themeforest.net
Cardguard,0.4.2,IOS,4,$48.28,7/31/2021,Wyszukiwarka Synonimów,Zabrina,Wolfarth,Female,Indonesia,zwolfarth32@instagram.com
Tres-Zap,4.3,IOS,4,$18.87,3/1/2021,Tłumacz,Caresa,Baudoux,Female,Egypt,cbaudoux33@fotki.com
Domainer,2.43,Android,5,$3.40,10/22/2020,Komunikator,Lacy,Laraway,Polygender,Myanmar,llaraway34@google.co.uk
Trippledex,3.7.9,Android,1,$5.16,11/6/2021,Galeria tematyczna,Winifield,Gawke,Genderqueer,Tunisia,wgawke35@macromedia.com
Tampflex,5.3.4,Android,3,$3.38,9/7/2021,Sprawdzanie Poprawności Pisowni,Edee,Colbert,Female,China,ecolbert36@illinois.edu
Treeflex,0.92,IOS,2,$5.53,11/18/2020,Blog,Ezequiel,Leatham,Bigender,Malaysia,eleatham37@dyndns.org
Y-Solowarm,0.3.3,Android,0,$39.91,5/23/2021,Tłumacz,Cosette,Minico,Bigender,Democratic Republic of the Congo,cminico38@auda.org.au
Lotlux,0.8.5,IOS,5,$48.91,1/2/2020,Kreator Okładek,Anne-marie,Teanby,Agender,Panama,ateanby39@wikipedia.org
Vagram,1.7.4,Android,5,$0.70,7/6/2021,Tłumacz,Shae,Laminman,Bigender,Macedonia,slaminman3a@google.co.jp
Opela,0.6.6,IOS,4,$45.12,10/23/2020,Notatnik,Alyss,Rumsey,Male,France,arumsey3b@smugmug.com
Alphazap,0.33,IOS,5,$8.00,12/20/2019,Komunikator,Grange,Enrrico,Male,Azerbaijan,genrrico3c@shareasale.com
Treeflex,7.3.2,IOS,5,$17.86,10/19/2020,Kreator Postaci,Nelie,Noen,Agender,Finland,nnoen3d@amazon.com
Prodder,9.0.3,IOS,2,$30.71,4/19/2020,Komunikator,Evangelina,Mundie,Agender,Myanmar,emundie3e@wisc.edu
Zaam-Dox,5.2,IOS,2,$0.79,2/5/2021,Tłumacz,Reine,Ruperti,Female,Nigeria,rruperti3f@com.com
Bitwolf,0.8.9,IOS,3,$30.89,4/17/2020,Komunikator,Ronald,Vasin,Genderfluid,Indonesia,rvasin3g@sina.com.cn
Span,0.1.5,IOS,3,$12.35,4/19/2021,Blog,Andriana,Bony,Female,Japan,abony3h@mysql.com
Kanlam,0.3.6,Android,0,$19.81,2/8/2021,Odtwarzacz muzyki,Fernande,Wimpeney,Agender,Indonesia,fwimpeney3i@mac.com
Bytecard,4.9.4,IOS,2,$8.06,4/29/2020,Notatnik,Dannel,Baxter,Genderqueer,Cuba,dbaxter3j@flavors.me
Prodder,6.2,IOS,4,$31.01,10/29/2020,Kreator Postaci,Shara,Kingham,Bigender,Bangladesh,skingham3k@harvard.edu
Bytecard,5.0,IOS,0,$29.97,12/1/2021,Kreator Postaci,Shandie,Cordey,Bigender,Croatia,scordey3l@vkontakte.ru
Viva,0.9.9,IOS,3,$33.61,10/30/2021,Tłumacz,Karlen,Boobyer,Non-binary,Indonesia,kboobyer3m@ustream.tv
Toughjoyfax,0.16,IOS,1,$1.67,4/18/2021,Kreator Okładek,Alon,Nana,Agender,Afghanistan,anana3n@qq.com
Aerified,0.2.8,Android,4,$16.28,7/17/2021,Tłumacz,Shae,Vere,Agender,China,svere3o@hugedomains.com
Stronghold,7.1,Android,5,$34.47,10/27/2021,Kreator Okładek,Danell,Libri,Non-binary,Nepal,dlibri3p@nyu.edu
Tin,7.8,IOS,5,$23.16,3/3/2020,Blog,Brigit,Backwell,Bigender,China,bbackwell3q@google.nl
Namfix,5.3.9,Android,5,$19.31,2/6/2020,Wyszukiwarka Synonimów,Trevor,Casajuana,Agender,Poland,tcasajuana3r@cargocollective.com
Home Ing,4.9,Android,4,$15.33,11/14/2021,Sprawdzanie Poprawności Pisowni,Theodoric,McEneny,Genderfluid,El Salvador,tmceneny3s@angelfire.com
Zoolab,0.6.8,IOS,4,$39.70,9/28/2020,Notatnik,Claire,Mirrlees,Polygender,Philippines,cmirrlees3t@un.org
Alpha,0.36,Android,4,$12.19,3/16/2020,Odtwarzacz muzyki,Dene,Roderighi,Polygender,Argentina,droderighi3u@fema.gov
Voltsillam,6.8,IOS,2,$22.34,7/31/2020,Notatnik,Kimmi,MacDonell,Female,China,kmacdonell3v@globo.com
Y-Solowarm,7.87,Android,2,$12.03,8/10/2021,Notatnik,Isadora,Landsman,Agender,China,ilandsman3w@histats.com
Biodex,8.40,Android,2,$29.05,1/27/2020,Kreator Okładek,Brodie,Ferrierio,Polygender,Indonesia,bferrierio3x@delicious.com
Toughjoyfax,2.7.6,Android,2,$11.07,10/13/2020,Komunikator,Morena,Stacey,Genderqueer,Thailand,mstacey3y@flavors.me
Solarbreeze,3.9.4,Android,5,$14.49,5/3/2021,Blog,Benoite,Tanzig,Genderqueer,Japan,btanzig3z@blogger.com
Holdlamis,0.6.2,Android,5,$43.88,6/14/2020,Wyszukiwarka Synonimów,Davey,Ecclestone,Female,China,decclestone40@ebay.com
Rank,2.8.4,IOS,3,$16.24,1/7/2020,Notatnik,Parrnell,Gillbe,Male,China,pgillbe41@prnewswire.com
Bigtax,0.1.7,Android,1,$11.83,1/6/2020,Odtwarzacz muzyki,Ashley,Halgarth,Female,China,ahalgarth42@cdc.gov
Tres-Zap,0.5.3,Android,3,$40.63,9/26/2020,Komunikator,Josy,Roddell,Agender,Bolivia,jroddell43@studiopress.com
Viva,2.4.5,IOS,1,$47.06,10/31/2021,Wyszukiwarka Synonimów,Erek,Grayland,Female,Ecuador,egrayland44@miitbeian.gov.cn
Zoolab,0.2.7,IOS,0,$26.87,8/26/2020,Odtwarzacz muzyki,Piggy,Roswarn,Non-binary,Venezuela,proswarn45@blogs.com
Greenlam,0.2.1,IOS,2,$27.29,10/18/2021,Kreator Postaci,Britteny,Eeles,Non-binary,Sweden,beeles46@senate.gov
Matsoft,3.7.9,Android,2,$39.34,3/9/2021,Notatnik,Kerrie,Quarrington,Male,Greece,kquarrington47@myspace.com
Lotlux,8.3,Android,3,$35.51,11/26/2020,Kreator Okładek,Gisela,Thurling,Agender,Indonesia,gthurling48@twitter.com
Temp,6.7.9,IOS,4,$49.23,10/22/2021,Notatnik,Billy,Meegin,Genderfluid,Brazil,bmeegin49@microsoft.com
Alphazap,4.0.7,IOS,3,$13.73,8/13/2021,Tłumacz,Darlene,Kinzett,Polygender,China,dkinzett4a@creativecommons.org
Biodex,0.7.5,IOS,5,$9.70,9/17/2020,Kreator Okładek,Jennifer,Fittis,Genderfluid,France,jfittis4b@auda.org.au
Overhold,0.2.9,Android,3,$35.79,7/21/2021,Kreator Postaci,Dominica,Digan,Non-binary,Poland,ddigan4c@weibo.com
Tres-Zap,1.38,IOS,0,$13.14,7/11/2021,Sprawdzanie Poprawności Pisowni,Tommy,Manville,Agender,Egypt,tmanville4d@edublogs.org
Duobam,9.8,IOS,3,$25.13,5/8/2020,Komunikator,Farica,Ferrand,Genderfluid,Poland,fferrand4e@columbia.edu
It,6.2.1,Android,3,$4.38,11/13/2021,Kreator Okładek,Wendie,Reinbech,Non-binary,Argentina,wreinbech4f@paypal.com
Tin,0.2.5,IOS,3,$44.51,9/29/2020,Komunikator,Kerrill,Cumbers,Agender,Sweden,kcumbers4g@army.mil
Alpha,1.97,Android,1,$34.43,6/4/2021,Galeria tematyczna,Adelice,Caldow,Male,Brazil,acaldow4h@skyrock.com
Lotlux,0.66,Android,4,$5.98,3/8/2021,Kreator Postaci,Elke,Atterley,Genderfluid,Indonesia,eatterley4i@php.net
Lotlux,4.1,IOS,2,$48.75,10/3/2021,Notatnik,Evelyn,Retchless,Genderfluid,Philippines,eretchless4j@parallels.com
Wrapsafe,0.6.5,IOS,2,$13.11,12/17/2019,Galeria tematyczna,Jesus,Scranny,Female,Indonesia,jscranny4k@reverbnation.com
Hatity,7.4.4,IOS,2,$17.73,11/24/2021,Kreator Okładek,Jeri,MacCostye,Bigender,Uzbekistan,jmaccostye4l@goo.ne.jp
Y-find,5.33,Android,4,$27.39,2/10/2020,Kreator Okładek,Michell,Gorvette,Agender,Iran,mgorvette4m@samsung.com
Alpha,3.47,IOS,3,$3.11,7/11/2020,Odtwarzacz muzyki,Ola,Panks,Polygender,Japan,opanks4n@cbc.ca
Rank,0.6.0,IOS,3,$2.28,5/10/2021,Notatnik,Sigfrid,Iddiens,Agender,China,siddiens4o@chron.com
Y-find,8.3.7,Android,1,$48.03,9/11/2021,Sprawdzanie Poprawności Pisowni,Randy,Grosvener,Non-binary,China,rgrosvener4p@cornell.edu
Asoka,2.1,IOS,1,$35.10,9/12/2021,Kreator Okładek,Myrilla,Dyment,Genderfluid,China,mdyment4q@eepurl.com
Greenlam,0.91,Android,2,$33.24,4/3/2020,Blog,Farrand,Stoakes,Polygender,China,fstoakes4r@economist.com
Hatity,5.6,Android,1,$43.22,6/9/2021,Odtwarzacz muzyki,Pierette,Darrington,Female,Portugal,pdarrington4s@cbc.ca
Namfix,0.9.7,IOS,4,$16.99,12/12/2019,Blog,Belicia,Turban,Agender,Vietnam,bturban4t@washingtonpost.com
Keylex,8.07,Android,1,$24.74,7/11/2020,Notatnik,Birgit,Dahlman,Agender,Russia,bdahlman4u@furl.net
Bigtax,0.2.0,Android,5,$20.40,12/24/2019,Wyszukiwarka Synonimów,Cozmo,Blaine,Genderqueer,Brazil,cblaine4v@weather.com
It,0.10,Android,5,$17.15,7/11/2020,Komunikator,Faber,Petracchi,Male,Philippines,fpetracchi4w@businesswire.com
Span,7.09,IOS,0,$8.67,12/25/2020,Kreator Postaci,Loren,Bach,Genderqueer,Nigeria,lbach4x@state.gov
Kanlam,7.60,IOS,3,$8.35,8/5/2021,Wyszukiwarka Synonimów,Richy,Boyle,Bigender,China,rboyle4y@eventbrite.com
Cookley,3.1,IOS,4,$32.23,6/10/2021,Komunikator,Fallon,Surfleet,Genderqueer,Brazil,fsurfleet4z@hostgator.com
Stim,0.4.8,Android,2,$31.03,10/19/2020,Kreator Okładek,Karin,Beardsley,Agender,Jamaica,kbeardsley50@com.com
Tempsoft,9.2.4,IOS,3,$6.89,4/24/2021,Wyszukiwarka Synonimów,Cara,Selvester,Male,Peru,cselvester51@delicious.com
Rank,6.2.4,IOS,5,$49.11,3/12/2020,Galeria tematyczna,Meggie,Haywood,Genderfluid,Finland,mhaywood52@google.fr
It,9.5.7,IOS,0,$26.02,4/30/2021,Wyszukiwarka Synonimów,Scarlet,Davie,Polygender,Yemen,sdavie53@histats.com
Zoolab,0.10,Android,3,$13.53,7/19/2021,Komunikator,Flynn,Bursnell,Male,Serbia,fbursnell54@symantec.com
Regrant,6.5.8,Android,4,$24.03,8/24/2021,Kreator Okładek,Sheela,Arnaldy,Genderqueer,China,sarnaldy55@weibo.com
Asoka,5.50,IOS,5,$43.40,12/25/2019,Kreator Postaci,Cecil,O'Fallon,Polygender,Sweden,cofallon56@qq.com
Veribet,0.3.1,IOS,0,$23.88,12/29/2020,Tłumacz,Brooke,Tume,Male,Russia,btume57@kickstarter.com
Ventosanzap,0.67,IOS,4,$33.47,8/31/2020,Komunikator,Maryjane,L' Estrange,Non-binary,Philippines,mlestrange58@netscape.com
Stringtough,8.46,IOS,0,$38.97,10/12/2021,Odtwarzacz muzyki,Edith,Tinkler,Female,China,etinkler59@sourceforge.net
Gembucket,6.55,IOS,3,$23.88,3/1/2021,Sprawdzanie Poprawności Pisowni,Gerhard,Rosewell,Polygender,China,grosewell5a@last.fm
Fixflex,8.9,IOS,0,$0.14,9/15/2021,Blog,Ki,Moroney,Polygender,Suriname,kmoroney5b@ameblo.jp
Bytecard,8.56,Android,5,$26.82,4/27/2021,Kreator Postaci,Kellie,Vurley,Genderfluid,Mexico,kvurley5c@google.de
Trippledex,4.0.8,IOS,3,$38.90,6/23/2021,Tłumacz,Mahalia,Gillions,Agender,Indonesia,mgillions5d@nyu.edu
Bigtax,8.2.8,IOS,1,$14.69,7/12/2020,Sprawdzanie Poprawności Pisowni,Lon,Kaman,Bigender,Thailand,lkaman5e@homestead.com
Wrapsafe,5.0.5,Android,3,$34.23,10/31/2021,Sprawdzanie Poprawności Pisowni,Amabelle,Elwill,Genderfluid,China,aelwill5f@zdnet.com
Opela,0.18,IOS,3,$45.27,8/28/2020,Odtwarzacz muzyki,Thaxter,Muckian,Male,Philippines,tmuckian5g@examiner.com
Ventosanzap,0.78,IOS,3,$38.54,6/17/2020,Tłumacz,Mehetabel,Gontier,Genderfluid,Mauritania,mgontier5h@senate.gov
Holdlamis,0.53,Android,5,$22.73,3/17/2020,Kreator Postaci,Edwina,Seyfart,Agender,Malawi,eseyfart5i@weibo.com
Cardify,3.1.6,IOS,1,$26.00,10/17/2021,Tłumacz,Felita,Hubbart,Male,Brazil,fhubbart5j@huffingtonpost.com
Stronghold,0.81,IOS,4,$27.59,8/7/2020,Blog,Nikolos,Merrison,Bigender,France,nmerrison5k@japanpost.jp
Mat Lam Tam,2.3,IOS,2,$34.79,1/16/2021,Komunikator,Boony,Rosenfarb,Genderqueer,Albania,brosenfarb5l@netlog.com
Bitwolf,9.8.2,IOS,3,$14.71,2/2/2021,Odtwarzacz muzyki,Lyn,Eslinger,Female,China,leslinger5m@spotify.com
Daltfresh,8.65,Android,5,$4.95,10/16/2020,Kreator Okładek,Malissia,Owtram,Female,Argentina,mowtram5n@friendfeed.com
Subin,1.9,Android,4,$43.73,5/8/2020,Odtwarzacz muzyki,Shannon,Ioannidis,Genderfluid,Indonesia,sioannidis5o@buzzfeed.com
Bytecard,4.5,Android,5,$31.37,1/28/2021,Kreator Okładek,Diann,Pilgram,Polygender,Indonesia,dpilgram5p@hp.com
Keylex,0.69,IOS,2,$48.68,11/17/2021,Sprawdzanie Poprawności Pisowni,Stephanie,Louys,Genderfluid,Indonesia,slouys5q@youtu.be
Y-Solowarm,0.5.5,IOS,0,$43.25,3/16/2021,Kreator Postaci,Tatiana,Naulls,Bigender,Poland,tnaulls5r@mysql.com
Voltsillam,8.4.9,IOS,3,$40.92,11/10/2021,Wyszukiwarka Synonimów,Saraann,Keeves,Polygender,Russia,skeeves5s@vinaora.com
Tin,4.72,Android,0,$5.36,4/9/2021,Wyszukiwarka Synonimów,Kirsteni,Kunneke,Genderqueer,Indonesia,kkunneke5t@google.cn
Latlux,0.4.6,Android,2,$13.62,3/14/2020,Kreator Postaci,Royall,Gulliman,Bigender,China,rgulliman5u@rakuten.co.jp
Trippledex,4.83,IOS,4,$49.49,1/1/2020,Komunikator,Robin,Hartley,Non-binary,Peru,rhartley5v@unicef.org
Home Ing,8.5.7,Android,2,$0.56,10/6/2021,Notatnik,Erma,Pavinese,Female,Philippines,epavinese5w@tinypic.com
Bitwolf,0.12,Android,2,$27.38,8/17/2020,Blog,Rosana,Rowdell,Genderfluid,Australia,rrowdell5x@usa.gov
Flowdesk,1.6,Android,1,$6.32,2/24/2021,Blog,Erik,Francis,Genderfluid,Guatemala,efrancis5y@ocn.ne.jp
Alphazap,6.8,Android,2,$40.83,9/14/2020,Komunikator,Alessandra,Fairham,Agender,Belarus,afairham5z@answers.com
Flowdesk,1.1,IOS,0,$10.57,1/26/2020,Sprawdzanie Poprawności Pisowni,Sylas,Fettis,Female,China,sfettis60@squidoo.com
Flowdesk,7.53,Android,2,$49.08,3/26/2021,Wyszukiwarka Synonimów,Dani,Bullene,Genderqueer,North Korea,dbullene61@ucoz.com
Aerified,3.8.0,IOS,3,$23.95,2/18/2020,Wyszukiwarka Synonimów,Madeleine,Spurling,Agender,Vietnam,mspurling62@flavors.me
Konklab,0.66,Android,1,$21.27,9/6/2021,Sprawdzanie Poprawności Pisowni,Hayyim,O'Duggan,Genderqueer,Russia,hoduggan63@wsj.com
Sub-Ex,2.3,Android,1,$27.71,6/4/2020,Wyszukiwarka Synonimów,Gonzales,Verbruggen,Non-binary,China,gverbruggen64@google.co.uk
Zontrax,0.6.1,Android,2,$20.26,1/1/2021,Komunikator,Humberto,Lebel,Polygender,Malaysia,hlebel65@live.com
Bitchip,5.8,Android,5,$19.75,11/30/2020,Galeria tematyczna,Tobi,MacNess,Bigender,France,tmacness66@bluehost.com
Bitwolf,0.66,IOS,4,$9.91,12/13/2020,Galeria tematyczna,Ki,Revely,Agender,Ukraine,krevely67@cmu.edu
Hatity,0.4.1,Android,0,$25.13,5/3/2020,Odtwarzacz muzyki,Fidel,Proswell,Bigender,Nicaragua,fproswell68@salon.com
Trippledex,0.97,IOS,3,$33.70,5/10/2020,Kreator Okładek,Gordy,Wyman,Polygender,Russia,gwyman69@last.fm
Daltfresh,0.1.9,Android,2,$14.27,5/15/2021,Notatnik,Brigid,Valerius,Female,Brazil,bvalerius6a@walmart.com
Job,8.4,Android,2,$40.77,12/17/2019,Tłumacz,Jasen,Drysdell,Genderfluid,Argentina,jdrysdell6b@msu.edu
Otcom,4.3,Android,2,$48.58,5/17/2021,Kreator Okładek,Tansy,Kingerby,Male,Indonesia,tkingerby6c@photobucket.com
Veribet,0.5.4,IOS,3,$8.99,6/10/2020,Notatnik,Kerwin,Lawler,Non-binary,Poland,klawler6d@accuweather.com
Toughjoyfax,5.2.8,Android,4,$28.01,4/5/2021,Blog,Cindie,Hazle,Genderqueer,Brazil,chazle6e@tmall.com
Flexidy,0.64,Android,4,$7.92,4/22/2020,Sprawdzanie Poprawności Pisowni,Flossi,Jesty,Bigender,Brazil,fjesty6f@google.com.au
Hatity,9.75,Android,2,$4.67,2/7/2020,Tłumacz,Claudio,Saddington,Female,China,csaddington6g@discuz.net
Temp,2.9,IOS,1,$34.52,1/17/2020,Blog,Klara,Blakey,Genderfluid,Uzbekistan,kblakey6h@nps.gov
Namfix,7.1,Android,3,$41.99,9/15/2021,Galeria tematyczna,Auberta,Bonder,Bigender,Mexico,abonder6i@businessweek.com
Alphazap,5.8.4,IOS,0,$39.30,5/6/2020,Odtwarzacz muzyki,Justin,Scorer,Bigender,Palestinian Territory,jscorer6j@twitter.com
Lotstring,3.9,IOS,1,$3.06,1/27/2021,Notatnik,Jacquie,Gaddes,Polygender,Ireland,jgaddes6k@canalblog.com
Zoolab,0.7.5,IOS,3,$27.43,10/14/2021,Blog,Gustaf,Gimblet,Agender,Indonesia,ggimblet6l@people.com.cn
Keylex,0.1.0,Android,2,$19.55,5/28/2021,Wyszukiwarka Synonimów,Augustus,Nazer,Genderqueer,Russia,anazer6m@geocities.jp
Latlux,0.32,IOS,0,$38.21,10/14/2020,Galeria tematyczna,Sindee,Ringwood,Polygender,Portugal,sringwood6n@seesaa.net
Rank,0.51,IOS,0,$29.26,8/5/2020,Galeria tematyczna,Lorin,Streatley,Genderqueer,Croatia,lstreatley6o@loc.gov
Span,3.7,Android,0,$35.81,12/24/2020,Galeria tematyczna,Karee,Bowmen,Genderqueer,Vietnam,kbowmen6p@samsung.com
Bitwolf,0.6.9,IOS,5,$11.57,8/23/2020,Komunikator,Dionisio,Vinden,Agender,Ukraine,dvinden6q@miibeian.gov.cn
Veribet,0.7.4,IOS,0,$42.37,11/27/2021,Komunikator,Gail,Kilgannon,Genderfluid,Finland,gkilgannon6r@google.cn
Voltsillam,0.3.7,Android,1,$13.99,8/25/2021,Galeria tematyczna,Darice,Longforth,Genderfluid,Philippines,dlongforth6s@nps.gov
Domainer,2.4.7,Android,1,$22.77,1/28/2021,Sprawdzanie Poprawności Pisowni,Cathe,Becarra,Agender,United States,cbecarra6t@histats.com
Voltsillam,0.6.4,IOS,4,$48.01,4/9/2020,Sprawdzanie Poprawności Pisowni,Kissee,Foxhall,Female,Thailand,kfoxhall6u@google.ru
It,0.36,Android,0,$14.43,9/2/2021,Komunikator,Konstanze,Digman,Non-binary,Mexico,kdigman6v@washingtonpost.com
Greenlam,1.9.9,IOS,1,$1.61,9/5/2021,Notatnik,Jeanne,Blick,Agender,Russia,jblick6w@archive.org
Hatity,0.69,Android,5,$14.53,1/19/2021,Wyszukiwarka Synonimów,Sharai,Hodge,Genderqueer,Russia,shodge6x@chronoengine.com
Quo Lux,2.6,IOS,5,$44.82,8/17/2021,Kreator Okładek,Caro,Gloster,Genderfluid,Morocco,cgloster6y@bbb.org
Cardguard,0.2.8,Android,1,$29.23,10/12/2021,Tłumacz,Farrah,Breede,Genderqueer,Czech Republic,fbreede6z@cafepress.com
Temp,8.9,Android,5,$14.00,7/19/2020,Kreator Postaci,Carce,Blabey,Non-binary,Russia,cblabey70@w3.org
Wrapsafe,0.27,IOS,3,$15.27,9/23/2021,Kreator Postaci,Chloette,Langlois,Female,Jordan,clanglois71@ted.com
Ventosanzap,1.9,Android,0,$42.70,4/26/2020,Wyszukiwarka Synonimów,Trescha,Brown,Non-binary,Vietnam,tbrown72@reuters.com
Span,4.7.4,IOS,0,$24.52,10/14/2021,Sprawdzanie Poprawności Pisowni,Elisabeth,Dutton,Genderqueer,Mongolia,edutton73@wordpress.com
Alpha,8.0,Android,4,$21.38,2/26/2021,Sprawdzanie Poprawności Pisowni,Dorothee,Ioselevich,Male,Greece,dioselevich74@lycos.com
Tampflex,0.94,IOS,2,$29.88,4/15/2021,Komunikator,Benton,Settle,Agender,China,bsettle75@patch.com
Veribet,0.45,Android,2,$36.89,5/21/2021,Notatnik,Oralia,Boggon,Agender,Ukraine,oboggon76@ihg.com
Flexidy,9.98,Android,2,$35.03,2/20/2020,Odtwarzacz muzyki,Elvyn,McAless,Non-binary,Portugal,emcaless77@topsy.com
Biodex,0.4.3,Android,1,$41.21,9/14/2021,Sprawdzanie Poprawności Pisowni,Lavinie,Jales,Polygender,Honduras,ljales78@patch.com
Rank,4.03,IOS,3,$6.70,11/10/2020,Blog,Freddy,Quinnette,Bigender,Malaysia,fquinnette79@state.tx.us
Daltfresh,0.15,Android,5,$27.33,2/4/2021,Odtwarzacz muzyki,Brianna,Crennan,Genderfluid,Russia,bcrennan7a@amazon.com
Sonair,3.0,Android,4,$6.42,5/5/2020,Sprawdzanie Poprawności Pisowni,Ardyth,Greser,Female,Czech Republic,agreser7b@barnesandnoble.com
Wrapsafe,0.71,IOS,3,$47.99,5/14/2020,Komunikator,Jillayne,Thrift,Bigender,Colombia,jthrift7c@geocities.com
Fixflex,0.27,IOS,2,$9.71,1/22/2021,Blog,Inna,McCome,Non-binary,Portugal,imccome7d@wp.com
Overhold,0.1.3,IOS,1,$18.86,6/23/2021,Kreator Okładek,Maynard,Begg,Non-binary,Germany,mbegg7e@amazon.co.jp
Subin,2.06,IOS,1,$32.37,1/17/2020,Sprawdzanie Poprawności Pisowni,Lynnette,Grindley,Non-binary,Japan,lgrindley7f@huffingtonpost.com
Subin,0.20,IOS,0,$3.41,9/16/2020,Blog,Nalani,Bulger,Non-binary,China,nbulger7g@edublogs.org
Opela,1.1,IOS,0,$25.08,5/11/2020,Sprawdzanie Poprawności Pisowni,Skipp,Riby,Female,Morocco,sriby7h@cocolog-nifty.com
Trippledex,2.5,IOS,1,$44.28,12/15/2019,Sprawdzanie Poprawności Pisowni,Estelle,Guice,Male,China,eguice7i@pagesperso-orange.fr
Tresom,0.44,IOS,1,$26.07,10/6/2020,Kreator Postaci,Malinde,Curl,Genderqueer,Ukraine,mcurl7j@nifty.com
Biodex,0.8.9,IOS,2,$9.29,12/15/2019,Sprawdzanie Poprawności Pisowni,Tiphany,Decayette,Agender,China,tdecayette7k@webs.com
Veribet,0.65,Android,2,$44.02,11/3/2021,Notatnik,Maribelle,Caldera,Genderfluid,China,mcaldera7l@t-online.de
Gembucket,9.24,Android,0,$11.64,10/6/2021,Kreator Okładek,Charo,Fairbrother,Bigender,Ireland,cfairbrother7m@elegantthemes.com
Overhold,1.3,IOS,1,$6.87,5/27/2021,Blog,Gerard,Habron,Female,Indonesia,ghabron7n@imgur.com
Treeflex,5.82,IOS,1,$11.94,7/21/2020,Notatnik,Elsa,Cohani,Polygender,Indonesia,ecohani7o@gmpg.org
Wrapsafe,0.4.6,Android,3,$7.36,12/4/2021,Blog,Cirilo,Tonkes,Agender,China,ctonkes7p@purevolume.com
Veribet,0.4.1,Android,3,$10.88,9/23/2021,Kreator Okładek,Boycie,Laban,Male,France,blaban7q@cornell.edu
Alpha,0.37,IOS,2,$12.23,12/6/2020,Galeria tematyczna,Andrei,Leather,Bigender,China,aleather7r@mail.ru
Temp,5.42,Android,4,$37.52,4/29/2020,Tłumacz,Egor,Osgerby,Male,Ukraine,eosgerby7s@linkedin.com
Namfix,7.6,IOS,2,$8.18,7/24/2021,Kreator Okładek,Corinne,Spirritt,Non-binary,Poland,cspirritt7t@constantcontact.com
Holdlamis,0.28,IOS,3,$40.64,3/7/2021,Wyszukiwarka Synonimów,Monty,O'Halligan,Female,Portugal,mohalligan7u@lulu.com
Hatity,0.55,IOS,0,$13.39,2/22/2021,Wyszukiwarka Synonimów,Dunn,Tremblett,Genderfluid,Russia,dtremblett7v@pbs.org
Namfix,0.2.4,IOS,2,$43.25,10/20/2020,Odtwarzacz muzyki,Sidnee,Advani,Non-binary,Sweden,sadvani7w@e-recht24.de
Mat Lam Tam,7.0,IOS,3,$11.43,8/11/2021,Wyszukiwarka Synonimów,Xenia,Ferson,Non-binary,Portugal,xferson7x@ft.com
Subin,9.0.3,IOS,4,$32.73,12/22/2019,Sprawdzanie Poprawności Pisowni,Ebony,Finlaison,Male,Indonesia,efinlaison7y@vk.com
Ventosanzap,3.3.9,IOS,2,$6.79,1/14/2021,Wyszukiwarka Synonimów,Rora,Quest,Genderqueer,Sudan,rquest7z@epa.gov
Holdlamis,4.06,Android,1,$28.48,7/6/2021,Notatnik,Mildred,Newcombe,Female,Thailand,mnewcombe80@clickbank.net
Alpha,0.5.1,Android,5,$14.15,2/17/2020,Sprawdzanie Poprawności Pisowni,Dugald,Dorning,Bigender,Indonesia,ddorning81@ifeng.com
Konklux,0.47,Android,0,$42.74,1/28/2021,Kreator Postaci,Pietro,Dorman,Bigender,Philippines,pdorman82@woothemes.com
Sonsing,9.6.0,IOS,4,$20.21,7/11/2020,Notatnik,Maje,Cameli,Agender,Portugal,mcameli83@soundcloud.com
Sonair,1.09,Android,3,$11.72,2/17/2020,Blog,Romola,Posvner,Bigender,Brazil,rposvner84@pcworld.com
Ventosanzap,5.6.3,IOS,5,$26.76,7/11/2021,Kreator Okładek,Maryann,Redgewell,Female,Greece,mredgewell85@ft.com
Latlux,0.4.9,Android,5,$3.69,10/6/2020,Blog,Darn,Gounel,Agender,Peru,dgounel86@boston.com
Konklux,3.5.9,Android,1,$43.73,1/24/2020,Notatnik,Kristine,Jotham,Polygender,China,kjotham87@twitpic.com
Cardguard,0.73,Android,1,$11.75,12/16/2019,Kreator Okładek,Domingo,Staniford,Genderqueer,Philippines,dstaniford88@blinklist.com
Bitchip,6.42,IOS,0,$5.77,4/28/2020,Notatnik,Gerrilee,D'eath,Non-binary,Indonesia,gdeath89@hexun.com
Fintone,9.51,IOS,4,$48.74,2/12/2020,Kreator Okładek,Tedmund,Vedenisov,Genderfluid,France,tvedenisov8a@abc.net.au
Sub-Ex,9.6,IOS,4,$48.30,9/8/2020,Galeria tematyczna,Timothy,McCleary,Agender,Afghanistan,tmccleary8b@weather.com
Andalax,0.55,IOS,4,$39.83,8/25/2021,Kreator Postaci,Armin,Kleszinski,Agender,Brazil,akleszinski8c@so-net.ne.jp
Zamit,7.93,Android,2,$3.03,3/7/2021,Notatnik,Frasco,Cars,Female,Indonesia,fcars8d@dailymail.co.uk
Quo Lux,6.7.8,IOS,0,$40.57,2/25/2021,Kreator Postaci,Verge,Orgee,Agender,Sweden,vorgee8e@hhs.gov
Cardguard,5.26,Android,3,$46.18,2/10/2020,Komunikator,Madison,Ferrucci,Bigender,Ecuador,mferrucci8f@deliciousdays.com
Konklab,1.47,Android,4,$23.49,3/28/2020,Blog,Augusta,Baulk,Agender,Armenia,abaulk8g@home.pl
Kanlam,0.95,IOS,1,$19.13,10/5/2020,Tłumacz,Meir,Caress,Bigender,Sweden,mcaress8h@free.fr
Vagram,0.1.1,IOS,1,$26.17,11/6/2020,Wyszukiwarka Synonimów,Alec,Sapey,Bigender,Poland,asapey8i@wordpress.org
Home Ing,6.36,IOS,1,$14.67,9/10/2020,Kreator Postaci,Orrin,Berkery,Genderfluid,China,oberkery8j@foxnews.com
Transcof,4.7.5,IOS,0,$17.64,4/28/2020,Komunikator,Loralee,O'Lennane,Genderfluid,Greece,lolennane8k@tripadvisor.com
Tin,0.90,Android,5,$47.68,8/13/2021,Sprawdzanie Poprawności Pisowni,Free,Gaymar,Polygender,Ireland,fgaymar8l@theguardian.com
Tempsoft,5.9,IOS,4,$0.49,6/24/2021,Blog,Anitra,Adame,Male,Indonesia,aadame8m@spiegel.de
Flexidy,7.0.2,IOS,5,$48.26,6/28/2020,Wyszukiwarka Synonimów,Jaime,Gilburt,Genderqueer,Indonesia,jgilburt8n@eepurl.com
Rank,4.38,IOS,2,$4.11,9/11/2020,Kreator Postaci,Duffy,Whatsize,Female,Brazil,dwhatsize8o@prweb.com
Prodder,0.25,IOS,3,$11.59,12/17/2020,Tłumacz,Marge,Carding,Female,Bosnia and Herzegovina,mcarding8p@usa.gov
Bigtax,7.40,Android,3,$16.59,6/19/2020,Odtwarzacz muzyki,Torrey,Chinnock,Non-binary,China,tchinnock8q@phpbb.com
Zathin,0.43,IOS,0,$15.10,9/5/2020,Tłumacz,Romy,Growcock,Genderqueer,Indonesia,rgrowcock8r@themeforest.net
Flexidy,0.46,Android,0,$12.81,2/13/2021,Odtwarzacz muzyki,Rem,Rilton,Bigender,Philippines,rrilton8s@google.co.uk
Cardify,0.82,IOS,1,$33.58,1/10/2021,Komunikator,Damiano,Bedborough,Agender,Albania,dbedborough8t@japanpost.jp
Flexidy,8.8,Android,3,$38.80,3/25/2021,Komunikator,Yardley,Calderbank,Male,Japan,ycalderbank8u@miitbeian.gov.cn
Tres-Zap,1.8.1,Android,2,$8.60,9/20/2020,Kreator Postaci,Jerri,Durbyn,Genderqueer,Greenland,jdurbyn8v@bigcartel.com
Job,0.73,Android,2,$11.69,6/19/2021,Tłumacz,Witty,O'Gorman,Female,Czech Republic,wogorman8w@hao123.com
Treeflex,7.8.5,Android,0,$15.32,11/25/2021,Galeria tematyczna,Jacqueline,Dizlie,Genderqueer,Portugal,jdizlie8x@booking.com
Daltfresh,0.28,IOS,4,$44.66,1/29/2020,Wyszukiwarka Synonimów,Stepha,Daughtry,Male,Peru,sdaughtry8y@bluehost.com
Ventosanzap,0.9.1,IOS,1,$39.69,1/30/2021,Blog,Thoma,Girodin,Polygender,Indonesia,tgirodin8z@blogtalkradio.com
Veribet,0.36,IOS,1,$42.29,8/14/2020,Galeria tematyczna,Darryl,Howson,Non-binary,Thailand,dhowson90@domainmarket.com
Trippledex,0.3.4,Android,5,$3.98,11/24/2020,Kreator Postaci,Harp,Navarre,Genderqueer,Indonesia,hnavarre91@google.ru
Flexidy,2.1,Android,2,$34.71,4/4/2021,Sprawdzanie Poprawności Pisowni,Camala,Dingley,Agender,Russia,cdingley92@fda.gov
Zontrax,6.1,Android,5,$7.91,1/14/2021,Kreator Postaci,Brian,Lusty,Genderqueer,Portugal,blusty93@sfgate.com
Home Ing,5.55,IOS,2,$8.44,12/9/2020,Sprawdzanie Poprawności Pisowni,Ulises,McKelvie,Agender,Israel,umckelvie94@blogspot.com
Zamit,9.46,Android,4,$28.32,12/2/2020,Komunikator,Regan,Tregian,Agender,Indonesia,rtregian95@google.co.uk
Voyatouch,0.6.8,IOS,1,$32.07,3/20/2020,Kreator Okładek,Jannelle,Wann,Genderfluid,Colombia,jwann96@barnesandnoble.com
Asoka,1.31,IOS,2,$23.35,7/26/2020,Notatnik,Merrill,Grcic,Agender,Canada,mgrcic97@taobao.com
Rank,1.3,IOS,1,$29.83,6/4/2021,Kreator Postaci,Sheelagh,Lazer,Genderfluid,Poland,slazer98@elpais.com
Andalax,1.4.0,IOS,2,$21.08,1/12/2021,Kreator Okładek,Janie,Hatje,Genderfluid,Namibia,jhatje99@mapy.cz
Bigtax,8.4,IOS,3,$1.76,4/9/2020,Kreator Okładek,Sibyl,Tippin,Genderfluid,Japan,stippin9a@nasa.gov
Tampflex,0.4.1,Android,1,$2.72,7/2/2020,Kreator Okładek,Keenan,Surgen,Female,China,ksurgen9b@sfgate.com
Kanlam,0.55,Android,4,$15.61,3/5/2021,Blog,Lewes,O'Tuohy,Agender,Philippines,lotuohy9c@yolasite.com
Tin,9.67,IOS,4,$11.74,12/30/2020,Tłumacz,Harcourt,Bleazard,Female,Finland,hbleazard9d@artisteer.com
Pannier,4.4,Android,1,$28.25,1/21/2021,Komunikator,Lou,Childerhouse,Non-binary,South Africa,lchilderhouse9e@exblog.jp
Stronghold,8.26,Android,2,$8.81,6/22/2021,Wyszukiwarka Synonimów,Dallis,Farriar,Female,Palestinian Territory,dfarriar9f@cmu.edu
Alphazap,2.9.1,Android,0,$22.26,6/30/2020,Galeria tematyczna,Dael,Manus,Genderqueer,Poland,dmanus9g@amazon.de
Vagram,0.43,Android,2,$29.93,4/2/2020,Kreator Okładek,Suzie,Banaszewski,Male,Pakistan,sbanaszewski9h@issuu.com
Lotlux,1.9,IOS,3,$20.90,7/16/2021,Odtwarzacz muzyki,Linzy,McKellar,Genderfluid,Israel,lmckellar9i@pagesperso-orange.fr
Y-Solowarm,7.4,IOS,3,$16.35,2/15/2021,Kreator Okładek,Timi,Simmen,Male,Czech Republic,tsimmen9j@ibm.com
Opela,1.3.1,Android,3,$31.76,8/29/2021,Galeria tematyczna,Kristo,Piotr,Genderfluid,Japan,kpiotr9k@slideshare.net
Fintone,7.1.7,Android,5,$20.59,1/9/2021,Kreator Okładek,Padriac,Yuryatin,Polygender,Philippines,pyuryatin9l@jigsy.com
Y-find,3.1,IOS,0,$28.92,12/23/2019,Kreator Okładek,Idell,Warret,Female,Brazil,iwarret9m@dagondesign.com
Asoka,0.41,Android,3,$40.25,10/19/2021,Notatnik,Earvin,Hubner,Genderqueer,Ireland,ehubner9n@github.com
Bitwolf,0.83,Android,1,$2.27,3/26/2020,Kreator Postaci,Lorelei,Cunnah,Bigender,France,lcunnah9o@networkadvertising.org
Stringtough,2.88,IOS,0,$43.44,3/19/2020,Kreator Postaci,Barret,Curwood,Agender,Ukraine,bcurwood9p@dyndns.org
Zaam-Dox,7.65,IOS,3,$23.12,5/28/2021,Wyszukiwarka Synonimów,Bat,McInerney,Agender,Hungary,bmcinerney9q@biblegateway.com
Veribet,7.8.6,IOS,4,$31.59,11/21/2021,Odtwarzacz muzyki,Gael,Nerger,Agender,United States,gnerger9r@miitbeian.gov.cn
Zontrax,7.2.5,IOS,1,$13.87,4/4/2021,Tłumacz,Leta,Gelland,Agender,Portugal,lgelland9s@dailymail.co.uk
Fix San,7.5.4,IOS,2,$38.63,2/16/2020,Galeria tematyczna,Robinet,Charville,Genderfluid,Burkina Faso,rcharville9t@newsvine.com
Tampflex,0.34,Android,4,$11.97,11/26/2020,Notatnik,Dre,Dunbobbin,Polygender,Denmark,ddunbobbin9u@economist.com
Cookley,1.7.2,IOS,3,$11.46,7/18/2020,Notatnik,Arluene,Zute,Bigender,China,azute9v@slate.com
Zaam-Dox,1.3,IOS,5,$33.46,1/26/2021,Odtwarzacz muzyki,Lambert,Shufflebotham,Bigender,Indonesia,lshufflebotham9w@foxnews.com
It,0.7.1,Android,4,$48.70,1/5/2020,Sprawdzanie Poprawności Pisowni,Micky,Mulvihill,Agender,China,mmulvihill9x@cbslocal.com
Fix San,0.4.9,Android,4,$43.81,8/18/2021,Notatnik,Sinclair,Yeldham,Bigender,China,syeldham9y@answers.com
Tempsoft,0.20,Android,4,$45.93,7/6/2020,Kreator Postaci,Dacey,Godmer,Agender,China,dgodmer9z@netlog.com
Konklux,0.56,IOS,2,$38.78,5/20/2021,Notatnik,Oralee,Jannex,Agender,China,ojannexa0@aol.com
Pannier,4.48,Android,4,$42.87,5/22/2020,Sprawdzanie Poprawności Pisowni,Amalle,Threadgold,Genderqueer,Philippines,athreadgolda1@gmpg.org
Voltsillam,6.91,IOS,3,$46.97,10/10/2020,Sprawdzanie Poprawności Pisowni,Nadya,McCullouch,Agender,Nigeria,nmcculloucha2@wix.com
It,6.53,Android,1,$36.01,5/14/2020,Komunikator,Cary,Deveral,Agender,Japan,cdeverala3@disqus.com
Y-find,0.6.1,Android,2,$23.66,2/12/2020,Kreator Postaci,Dinnie,Shipsey,Female,Tunisia,dshipseya4@woothemes.com
Greenlam,0.33,Android,0,$32.28,10/1/2021,Notatnik,Dallas,Habishaw,Bigender,Venezuela,dhabishawa5@wikispaces.com
Tresom,0.6.7,Android,1,$19.58,8/4/2021,Odtwarzacz muzyki,Mordy,Graveston,Genderfluid,Sweden,mgravestona6@imdb.com
Bitchip,1.10,Android,5,$24.95,2/27/2021,Tłumacz,Vera,Ziemen,Agender,France,vziemena7@booking.com
Bamity,4.3.4,Android,5,$40.95,11/3/2021,Kreator Postaci,Katharyn,Balogun,Female,Mexico,kbaloguna8@icio.us
Temp,1.1.5,Android,1,$47.94,4/22/2020,Galeria tematyczna,Dedie,Klimkovich,Male,China,dklimkovicha9@harvard.edu
Ronstring,6.9.8,IOS,4,$8.59,5/11/2020,Notatnik,Bran,Wardington,Agender,China,bwardingtonaa@icio.us
Sub-Ex,7.8,IOS,2,$47.14,9/20/2021,Tłumacz,Elfrieda,Sharpling,Bigender,Brazil,esharplingab@mayoclinic.com
Subin,7.68,Android,3,$17.33,7/27/2020,Komunikator,Nicolette,Saveall,Female,China,nsaveallac@flavors.me
Wrapsafe,7.07,Android,5,$15.52,1/23/2020,Blog,Katerina,Durran,Male,Nigeria,kdurranad@storify.com
Voltsillam,4.7,Android,5,$37.42,3/23/2021,Notatnik,Eleonora,Denisovich,Male,China,edenisovichae@ft.com
Tin,7.4.8,Android,5,$19.25,1/5/2021,Sprawdzanie Poprawności Pisowni,Atalanta,Huckstepp,Polygender,Iran,ahucksteppaf@uol.com.br
Bitchip,0.7.0,IOS,2,$47.58,7/12/2020,Wyszukiwarka Synonimów,Lorna,Truelove,Male,Somalia,ltrueloveag@multiply.com
Tres-Zap,2.3,IOS,1,$41.90,10/3/2021,Wyszukiwarka Synonimów,Alexis,Carriage,Female,Malaysia,acarriageah@ft.com
Transcof,0.2.3,Android,2,$48.37,6/21/2020,Kreator Postaci,Terese,Guilfoyle,Female,Ireland,tguilfoyleai@npr.org
Hatity,1.3.3,IOS,2,$34.79,9/29/2021,Kreator Okładek,Hildagarde,Graveney,Male,Portugal,hgraveneyaj@topsy.com
Zathin,0.70,Android,3,$28.42,2/17/2021,Sprawdzanie Poprawności Pisowni,Kristine,Romaint,Polygender,Indonesia,kromaintak@wikimedia.org
Opela,9.5.6,Android,4,$9.51,5/21/2021,Notatnik,Farlee,Bohl,Genderqueer,Portugal,fbohlal@chicagotribune.com
Gembucket,3.0,IOS,4,$27.48,11/10/2021,Galeria tematyczna,Nehemiah,Addeycott,Female,Portugal,naddeycottam@elpais.com
Greenlam,8.4.7,Android,2,$37.85,8/1/2021,Blog,Legra,McLeese,Non-binary,Colombia,lmcleesean@blogtalkradio.com
Fix San,6.61,Android,5,$21.31,10/13/2021,Blog,Willamina,De Marchi,Male,Japan,wdemarchiao@addtoany.com
Fintone,2.5.1,IOS,2,$4.76,12/7/2021,Blog,Jinny,Durgan,Bigender,Ukraine,jdurganap@privacy.gov.au
Stim,5.1.2,Android,2,$34.09,4/5/2020,Tłumacz,Boycie,Hudspith,Female,Portugal,bhudspithaq@nbcnews.com
Zathin,5.8,Android,2,$22.26,3/25/2020,Sprawdzanie Poprawności Pisowni,Nikolas,Norman,Genderfluid,Indonesia,nnormanar@nationalgeographic.com
Y-Solowarm,1.2.0,Android,3,$49.05,9/12/2020,Tłumacz,Sean,Linkin,Genderqueer,Netherlands,slinkinas@mediafire.com
It,2.72,Android,5,$25.92,11/27/2021,Notatnik,Selie,Takle,Bigender,Poland,stakleat@mit.edu
Asoka,0.95,Android,5,$2.53,5/13/2021,Galeria tematyczna,Renaldo,Lawleff,Non-binary,Uruguay,rlawleffau@virginia.edu
Quo Lux,2.4.5,Android,3,$25.28,2/2/2021,Galeria tematyczna,Alfonse,Ambrogelli,Agender,Democratic Republic of the Congo,aambrogelliav@vkontakte.ru
Konklab,3.4,Android,0,$13.18,3/14/2020,Wyszukiwarka Synonimów,Cassius,Baxter,Genderfluid,Poland,cbaxteraw@alexa.com
Job,4.38,IOS,1,$42.21,8/11/2021,Komunikator,Quinn,Runsey,Polygender,Czech Republic,qrunseyax@marketwatch.com
Home Ing,8.8.2,Android,4,$45.72,9/8/2021,Wyszukiwarka Synonimów,Rory,Loughhead,Bigender,China,rloughheaday@google.de
Opela,0.17,IOS,1,$41.61,2/23/2020,Galeria tematyczna,Nikolia,McIlreavy,Genderfluid,China,nmcilreavyaz@theatlantic.com
Tampflex,3.6.7,Android,2,$49.40,6/1/2021,Kreator Okładek,Ricki,Dunge,Bigender,Kazakhstan,rdungeb0@deliciousdays.com
Gembucket,0.6.7,IOS,2,$5.11,8/17/2020,Wyszukiwarka Synonimów,Dalton,Burney,Male,France,dburneyb1@symantec.com
Treeflex,3.4,IOS,4,$1.47,4/29/2021,Komunikator,Jamison,De Roos,Non-binary,Indonesia,jderoosb2@deviantart.com
Job,0.83,IOS,3,$47.01,8/2/2021,Notatnik,Allyn,Minster,Genderqueer,China,aminsterb3@booking.com
Toughjoyfax,8.7.1,IOS,2,$9.76,4/6/2021,Wyszukiwarka Synonimów,Esmaria,Alejandro,Genderfluid,Macedonia,ealejandrob4@storify.com
Home Ing,0.21,IOS,5,$32.66,7/22/2021,Sprawdzanie Poprawności Pisowni,Guillermo,Rosenfarb,Genderfluid,Russia,grosenfarbb5@sphinn.com
Ventosanzap,0.95,IOS,4,$26.45,11/30/2021,Blog,Barri,D'Oyley,Non-binary,Poland,bdoyleyb6@google.com
Alpha,5.10,IOS,0,$47.04,2/20/2021,Galeria tematyczna,Chaim,Chainey,Female,Syria,cchaineyb7@icq.com
Flowdesk,8.38,IOS,5,$48.53,6/15/2020,Kreator Okładek,Carina,Wenderoth,Female,Peru,cwenderothb8@marriott.com
Tin,0.2.6,IOS,2,$45.20,11/20/2020,Odtwarzacz muzyki,Gibbie,Jonczyk,Male,Poland,gjonczykb9@mayoclinic.com
Ronstring,2.1.9,Android,4,$8.64,3/19/2021,Wyszukiwarka Synonimów,Sioux,Briscow,Agender,United States,sbriscowba@wix.com
Y-find,9.1.4,IOS,2,$39.30,8/31/2021,Sprawdzanie Poprawności Pisowni,Blane,Loadsman,Bigender,Poland,bloadsmanbb@surveymonkey.com
Trippledex,0.84,Android,3,$23.08,11/3/2020,Blog,Tadd,Tuckett,Non-binary,Honduras,ttuckettbc@bloomberg.com
Matsoft,7.5.6,IOS,3,$3.76,11/2/2021,Komunikator,Erich,Shoveller,Genderqueer,Indonesia,eshovellerbd@ebay.com
Solarbreeze,3.7,IOS,0,$42.95,9/18/2020,Kreator Okładek,Terrie,Lewsy,Male,China,tlewsybe@globo.com
Bigtax,7.7.7,Android,5,$13.10,8/21/2020,Notatnik,Clarke,Kindley,Agender,New Zealand,ckindleybf@guardian.co.uk
Hatity,8.5,IOS,1,$4.72,1/13/2020,Odtwarzacz muzyki,Reuben,Goodhay,Male,Indonesia,rgoodhaybg@jalbum.net
Bytecard,0.6.3,IOS,0,$19.08,11/11/2020,Wyszukiwarka Synonimów,Golda,Golton,Female,Russia,ggoltonbh@posterous.com
Latlux,0.8.2,IOS,4,$49.39,2/11/2020,Kreator Postaci,Carolann,Avramovich,Non-binary,Sweden,cavramovichbi@cargocollective.com
Zathin,1.3,Android,3,$11.92,9/15/2021,Odtwarzacz muzyki,Arlen,Cathenod,Genderfluid,Greece,acathenodbj@berkeley.edu
Andalax,0.1.2,IOS,2,$37.96,5/28/2020,Wyszukiwarka Synonimów,Corissa,Quilkin,Genderfluid,Niger,cquilkinbk@rediff.com
Wrapsafe,7.10,IOS,2,$46.06,7/30/2021,Wyszukiwarka Synonimów,Frasquito,Blewis,Male,Japan,fblewisbl@google.ca
Temp,0.16,Android,2,$47.33,4/10/2020,Kreator Okładek,Ernestine,Dochon,Male,Poland,edochonbm@dagondesign.com
Stringtough,5.91,Android,4,$45.46,1/25/2021,Sprawdzanie Poprawności Pisowni,Doralia,Fibbens,Non-binary,North Korea,dfibbensbn@163.com
Stringtough,2.07,Android,0,$17.33,9/30/2021,Odtwarzacz muzyki,Carmela,Thynne,Genderfluid,Indonesia,cthynnebo@wunderground.com
Y-find,8.99,Android,1,$20.41,4/28/2021,Sprawdzanie Poprawności Pisowni,Kenyon,Larkcum,Genderfluid,Ukraine,klarkcumbp@who.int
Fixflex,8.3.9,IOS,2,$41.96,10/14/2021,Notatnik,Julina,Blainey,Male,Cameroon,jblaineybq@wikia.com
Redhold,6.1.6,IOS,2,$9.22,11/19/2020,Blog,Noami,Cornu,Non-binary,Sweden,ncornubr@sfgate.com
Keylex,7.5.9,Android,1,$2.15,12/3/2020,Kreator Okładek,Martelle,Greenwood,Genderqueer,Afghanistan,mgreenwoodbs@washingtonpost.com
Tempsoft,6.2.0,Android,1,$46.33,8/13/2021,Tłumacz,Nickolaus,Selwyn,Bigender,China,nselwynbt@amazon.co.jp
Toughjoyfax,0.56,Android,0,$47.76,5/20/2021,Blog,Levin,Peddie,Genderfluid,China,lpeddiebu@irs.gov
Veribet,0.2.4,IOS,2,$23.71,6/17/2020,Galeria tematyczna,Bibby,Crisell,Genderfluid,Morocco,bcrisellbv@newsvine.com
Redhold,0.69,Android,1,$20.43,9/20/2021,Sprawdzanie Poprawności Pisowni,Christi,Esselin,Male,Indonesia,cesselinbw@icq.com
Aerified,0.6.0,Android,0,$36.92,9/30/2021,Blog,Siusan,Nanson,Male,China,snansonbx@omniture.com
Job,0.44,Android,3,$12.39,9/16/2021,Wyszukiwarka Synonimów,Alessandro,Mulgrew,Male,China,amulgrewby@bravesites.com
Stringtough,0.6.4,IOS,0,$11.41,11/12/2021,Kreator Postaci,Janenna,Callf,Female,Indonesia,jcallfbz@npr.org
Asoka,9.28,IOS,4,$8.56,6/12/2021,Blog,Ruthie,Durker,Genderfluid,Sudan,rdurkerc0@slashdot.org
Konklab,3.2.9,IOS,4,$37.15,9/15/2020,Odtwarzacz muzyki,Claudie,Jakubovitch,Genderqueer,Bulgaria,cjakubovitchc1@buzzfeed.com
Fix San,6.4,Android,5,$22.47,2/29/2020,Tłumacz,Bernard,Lorens,Bigender,Thailand,blorensc2@de.vu
Stronghold,0.4.0,IOS,5,$46.12,2/14/2020,Kreator Postaci,Susanne,Syrett,Genderqueer,France,ssyrettc3@hibu.com
Zamit,0.3.6,Android,3,$17.09,9/8/2021,Wyszukiwarka Synonimów,Teddie,Fuzzey,Non-binary,Brazil,tfuzzeyc4@usgs.gov
Viva,1.5.2,Android,0,$6.45,5/18/2021,Odtwarzacz muzyki,Hammad,Allain,Genderqueer,Greece,hallainc5@joomla.org
Veribet,0.6.5,Android,2,$30.97,3/19/2020,Notatnik,Moise,Curtiss,Male,Thailand,mcurtissc6@naver.com
Home Ing,0.27,IOS,1,$33.92,3/14/2020,Kreator Okładek,Wandis,Ingry,Genderfluid,China,wingryc7@pagesperso-orange.fr
Temp,9.49,Android,5,$19.62,7/5/2021,Galeria tematyczna,Addie,Siene,Genderqueer,Poland,asienec8@gmpg.org
Mat Lam Tam,0.41,IOS,4,$9.46,3/16/2020,Kreator Okładek,Christyna,Winchcum,Non-binary,Israel,cwinchcumc9@guardian.co.uk
Stringtough,3.1.8,Android,3,$9.83,11/22/2020,Wyszukiwarka Synonimów,Corbie,O'Henery,Male,China,coheneryca@topsy.com
Holdlamis,0.4.9,IOS,4,$4.80,9/1/2021,Wyszukiwarka Synonimów,Rollie,Godsmark,Genderfluid,Japan,rgodsmarkcb@amazon.de
Sonsing,2.6,IOS,3,$19.12,7/9/2020,Tłumacz,Natala,Quaintance,Male,Thailand,nquaintancecc@people.com.cn
Solarbreeze,7.01,IOS,4,$16.02,5/22/2021,Kreator Okładek,Prescott,Wolfer,Genderfluid,North Korea,pwolfercd@omniture.com
Solarbreeze,2.4,IOS,5,$2.55,2/8/2021,Komunikator,Herman,Mallison,Genderqueer,Ukraine,hmallisonce@comcast.net
Ventosanzap,6.92,IOS,2,$19.45,9/21/2021,Kreator Okładek,Celesta,Grishanov,Agender,Poland,cgrishanovcf@exblog.jp
Mat Lam Tam,0.2.1,IOS,2,$29.16,6/20/2021,Notatnik,Chadd,McVitty,Genderqueer,China,cmcvittycg@barnesandnoble.com
Tresom,0.7.4,Android,5,$30.43,10/30/2021,Wyszukiwarka Synonimów,Brita,Leyland,Genderfluid,China,bleylandch@pagesperso-orange.fr
Fix San,5.9,IOS,4,$34.20,12/20/2020,Kreator Okładek,Neal,Howley,Non-binary,Sweden,nhowleyci@jalbum.net
Andalax,2.87,IOS,2,$14.30,12/27/2020,Kreator Okładek,Myrtie,Lockton,Genderqueer,Uruguay,mlocktoncj@about.com
Cardify,0.4.4,IOS,0,$30.06,10/9/2021,Blog,Terrence,covino,Female,Venezuela,tcovinock@booking.com
Pannier,7.9.1,Android,1,$34.36,3/22/2020,Tłumacz,Rice,Middleditch,Polygender,United States,rmiddleditchcl@slate.com
Span,3.78,Android,4,$48.00,9/10/2020,Notatnik,Fran,Woods,Male,France,fwoodscm@senate.gov
Tin,2.72,IOS,0,$42.15,7/18/2021,Komunikator,Germana,Voas,Non-binary,China,gvoascn@webmd.com
Voltsillam,0.4.2,IOS,4,$17.97,9/12/2020,Blog,Shelia,Briggs,Non-binary,Czech Republic,sbriggsco@infoseek.co.jp
Asoka,6.6,Android,5,$6.56,6/29/2021,Notatnik,Vivienne,Rattry,Male,Indonesia,vrattrycp@blogger.com
Gembucket,6.6.5,Android,5,$20.99,8/10/2021,Notatnik,Marcy,Zannolli,Bigender,Nigeria,mzannollicq@weibo.com
Overhold,6.4.0,Android,4,$45.25,8/10/2020,Kreator Okładek,Eudora,Spurett,Male,China,espurettcr@histats.com
Aerified,0.41,IOS,3,$44.67,6/14/2021,Kreator Okładek,Anette,Bread,Agender,Saudi Arabia,abreadcs@fc2.com
Tresom,0.1.7,Android,1,$11.11,9/2/2021,Sprawdzanie Poprawności Pisowni,Nickolai,Cattle,Agender,China,ncattlect@rediff.com
Subin,0.9.4,IOS,2,$8.78,1/8/2021,Wyszukiwarka Synonimów,Willabella,Parrington,Male,Croatia,wparringtoncu@phpbb.com
Domainer,6.66,Android,1,$3.57,1/14/2021,Kreator Postaci,Jordanna,Benza,Bigender,Philippines,jbenzacv@scientificamerican.com
Tresom,0.8.9,Android,5,$12.90,3/28/2020,Komunikator,Chelsey,Vesco,Bigender,France,cvescocw@salon.com
Trippledex,3.7.5,Android,4,$13.14,4/20/2021,Tłumacz,Remus,Jakab,Bigender,United States,rjakabcx@aol.com
Redhold,0.3.3,Android,4,$10.65,10/19/2021,Komunikator,Gigi,Handrik,Female,Thailand,ghandrikcy@wikipedia.org
Mat Lam Tam,0.68,IOS,0,$24.13,4/17/2021,Galeria tematyczna,Grace,Rickersy,Non-binary,Poland,grickersycz@latimes.com
Tin,6.1.7,IOS,4,$10.26,11/9/2020,Komunikator,Gannon,Boyda,Genderfluid,Indonesia,gboydad0@europa.eu
Solarbreeze,0.18,Android,3,$46.43,4/18/2021,Wyszukiwarka Synonimów,Judi,Vegas,Non-binary,Portugal,jvegasd1@github.io
Voltsillam,9.7.7,Android,2,$40.95,12/27/2020,Sprawdzanie Poprawności Pisowni,Marquita,Londer,Female,Venezuela,mlonderd2@icio.us
Flexidy,0.18,Android,1,$38.47,7/10/2020,Komunikator,Lou,Bentham,Male,Peru,lbenthamd3@reuters.com
Treeflex,5.72,Android,2,$40.44,10/29/2021,Kreator Postaci,Fitz,Baldini,Genderqueer,China,fbaldinid4@1688.com
It,9.45,Android,0,$37.53,6/8/2021,Kreator Postaci,Salaidh,Rutty,Agender,Kazakhstan,sruttyd5@nydailynews.com
Vagram,9.3.8,Android,2,$9.30,4/28/2020,Blog,Chaddie,Reddick,Polygender,United Kingdom,creddickd6@ovh.net
Asoka,2.45,IOS,3,$22.83,6/16/2020,Kreator Postaci,Modestia,Chstney,Genderfluid,Brazil,mchstneyd7@barnesandnoble.com
Wrapsafe,0.59,Android,1,$32.16,6/21/2021,Odtwarzacz muzyki,Bran,Dukes,Bigender,Brazil,bdukesd8@51.la
Asoka,7.25,Android,2,$29.60,9/9/2021,Blog,Robinet,Tite,Non-binary,France,rtited9@oaic.gov.au
Toughjoyfax,0.53,IOS,1,$26.74,3/13/2020,Blog,Laverna,Caller,Female,Brazil,lcallerda@upenn.edu
Daltfresh,4.1.5,IOS,4,$42.94,11/7/2021,Kreator Okładek,Jayson,Inglesent,Male,Croatia,jinglesentdb@php.net
Bamity,3.3.2,IOS,0,$29.43,8/13/2020,Blog,Richy,Crafter,Female,China,rcrafterdc@auda.org.au
Tres-Zap,9.0.3,IOS,0,$40.52,3/31/2020,Galeria tematyczna,Garrard,Brundale,Agender,Thailand,gbrundaledd@flickr.com
Bitchip,0.2.8,Android,2,$48.84,12/7/2020,Blog,Kori,Ryan,Male,Costa Rica,kryande@ucoz.ru
Y-find,6.87,IOS,0,$10.25,10/6/2021,Kreator Postaci,Cordie,Costard,Polygender,Ethiopia,ccostarddf@smugmug.com
Alpha,1.79,Android,5,$13.06,12/4/2020,Odtwarzacz muzyki,Todd,Letterick,Bigender,Argentina,tletterickdg@twitpic.com
Transcof,3.4,IOS,1,$49.09,5/26/2021,Blog,Gerardo,Miller,Agender,Poland,gmillerdh@ustream.tv
Tempsoft,0.33,Android,5,$29.59,8/28/2020,Blog,Amargo,Feldmann,Male,Indonesia,afeldmanndi@usnews.com
Zathin,0.9.8,Android,2,$13.79,6/11/2021,Wyszukiwarka Synonimów,Abbot,Josephy,Bigender,China,ajosephydj@myspace.com
Matsoft,0.91,Android,4,$43.98,9/28/2020,Blog,Alister,Olivari,Polygender,Indonesia,aolivaridk@cnn.com
Zathin,9.08,Android,2,$25.26,12/20/2020,Galeria tematyczna,Charity,Wyley,Agender,Sweden,cwyleydl@si.edu
Zathin,7.7.9,Android,4,$43.46,8/16/2021,Sprawdzanie Poprawności Pisowni,Axe,Wytchard,Genderqueer,China,awytcharddm@purevolume.com
Bamity,0.1.0,Android,0,$22.42,6/10/2021,Sprawdzanie Poprawności Pisowni,Jess,Goodbarne,Male,Ukraine,jgoodbarnedn@reuters.com
Viva,1.0.3,Android,1,$6.25,10/13/2020,Wyszukiwarka Synonimów,Thomas,Mariotte,Polygender,French Polynesia,tmariottedo@altervista.org
Redhold,9.2.5,Android,4,$2.47,11/11/2020,Wyszukiwarka Synonimów,Guillemette,Lathan,Bigender,Indonesia,glathandp@harvard.edu
Fixflex,3.4.7,Android,2,$27.99,12/31/2020,Odtwarzacz muzyki,Valdemar,Forsaith,Male,Indonesia,vforsaithdq@cpanel.net
Sonair,9.2.8,IOS,5,$49.36,10/9/2021,Odtwarzacz muzyki,Eunice,Castro,Male,Indonesia,ecastrodr@123-reg.co.uk
Keylex,7.2.6,Android,5,$23.23,4/18/2021,Kreator Okładek,Wandie,Millsap,Bigender,Indonesia,wmillsapds@paypal.com
Domainer,5.9.7,Android,3,$20.48,11/7/2020,Kreator Okładek,Roley,Ferrieres,Non-binary,Poland,rferrieresdt@huffingtonpost.com
Wrapsafe,5.3.5,Android,0,$43.91,5/29/2021,Tłumacz,Leslie,Copp,Male,China,lcoppdu@privacy.gov.au
Matsoft,0.97,Android,2,$21.15,3/25/2021,Notatnik,Dotti,Warrior,Genderqueer,Russia,dwarriordv@baidu.com
Hatity,0.38,IOS,3,$36.79,9/4/2021,Odtwarzacz muzyki,Donnell,Philipsen,Bigender,Portugal,dphilipsendw@cdc.gov
Greenlam,7.1,IOS,4,$43.02,5/3/2020,Galeria tematyczna,Clim,Terbruggen,Male,Poland,cterbruggendx@sciencedaily.com
Ronstring,9.7,Android,3,$25.13,2/14/2020,Galeria tematyczna,Montgomery,Ashplant,Non-binary,Japan,mashplantdy@nba.com
Cardguard,3.7,Android,2,$31.75,8/19/2021,Kreator Postaci,Abbie,Cestard,Genderfluid,China,acestarddz@wsj.com
Trippledex,7.87,IOS,1,$35.00,7/19/2021,Tłumacz,Hugh,Duffy,Genderqueer,Brazil,hduffye0@gnu.org
Vagram,0.2.8,Android,4,$32.71,8/21/2021,Sprawdzanie Poprawności Pisowni,Kyrstin,Epps,Non-binary,China,keppse1@tinypic.com
Biodex,8.5.3,Android,3,$17.80,2/27/2020,Sprawdzanie Poprawności Pisowni,Yanaton,Sandford,Polygender,China,ysandforde2@canalblog.com
Konklux,0.9.0,IOS,4,$31.36,11/26/2020,Sprawdzanie Poprawności Pisowni,Hube,Ajsik,Non-binary,Philippines,hajsike3@skype.com
Treeflex,0.3.6,Android,4,$33.74,10/27/2020,Galeria tematyczna,Arin,Tong,Female,Indonesia,atonge4@businesswire.com
Cardguard,7.8.1,IOS,4,$42.90,12/11/2019,Notatnik,Edd,Le land,Polygender,Sweden,elelande5@woothemes.com
Bigtax,0.4.3,Android,1,$6.50,4/29/2021,Wyszukiwarka Synonimów,Zollie,Mochar,Agender,Philippines,zmochare6@examiner.com
Lotlux,7.77,IOS,5,$33.15,1/1/2021,Galeria tematyczna,Sosanna,Keirle,Polygender,United States,skeirlee7@youku.com
Bigtax,0.9.5,Android,1,$27.56,9/17/2021,Komunikator,Anatollo,Riby,Female,Mexico,aribye8@squarespace.com
Cardify,3.6.5,Android,1,$16.19,3/26/2020,Komunikator,Euphemia,Kippins,Female,China,ekippinse9@engadget.com
Gembucket,9.5.4,IOS,5,$22.74,2/2/2020,Galeria tematyczna,Darrick,Bullier,Genderfluid,China,dbullierea@harvard.edu
Treeflex,1.9,Android,3,$5.99,11/25/2020,Tłumacz,Forster,Montfort,Non-binary,Indonesia,fmontforteb@php.net
Tin,8.7,IOS,4,$43.64,7/21/2021,Notatnik,Farley,Kinghorn,Agender,Colombia,fkinghornec@arizona.edu
Mat Lam Tam,0.5.4,IOS,0,$32.66,9/7/2020,Komunikator,Alain,Wildsmith,Female,Russia,awildsmithed@mozilla.org
Cardify,8.6,Android,1,$49.20,5/4/2021,Kreator Postaci,Krystal,Fullicks,Male,Canada,kfullicksee@posterous.com
Kanlam,0.98,IOS,3,$27.68,6/9/2021,Galeria tematyczna,Georgy,Orteau,Agender,China,gorteauef@vk.com
Aerified,0.3.2,IOS,1,$2.74,9/20/2021,Tłumacz,Evvy,Velareal,Genderqueer,Netherlands,evelarealeg@ustream.tv
Asoka,3.45,IOS,0,$24.96,1/24/2020,Galeria tematyczna,Netti,Merritt,Polygender,Brazil,nmerritteh@amazonaws.com
Hatity,2.46,Android,2,$27.85,8/9/2020,Galeria tematyczna,Madelin,Brockherst,Male,China,mbrockherstei@washingtonpost.com
Greenlam,3.1.7,IOS,4,$44.79,4/11/2020,Blog,Silvio,Grafton,Bigender,Indonesia,sgraftonej@fda.gov
Stronghold,7.9,Android,1,$32.03,12/13/2020,Kreator Postaci,Tabbatha,Rigts,Female,Portugal,trigtsek@lulu.com
Daltfresh,3.6,IOS,2,$24.12,4/8/2021,Sprawdzanie Poprawności Pisowni,Moe,Gaskarth,Polygender,Vietnam,mgaskarthel@mapy.cz
Matsoft,0.88,IOS,1,$17.94,7/20/2021,Komunikator,Margit,Speedin,Male,Brazil,mspeedinem@networksolutions.com
Regrant,2.0.2,IOS,4,$20.83,9/19/2021,Odtwarzacz muzyki,Adriena,Brasted,Genderfluid,China,abrasteden@infoseek.co.jp
Span,0.9.0,Android,4,$38.38,5/22/2020,Kreator Postaci,Miguela,Sugarman,Male,France,msugarmaneo@craigslist.org
Opela,0.76,Android,4,$25.95,4/18/2021,Blog,Martica,Wybron,Bigender,China,mwybronep@yelp.com
Opela,3.30,IOS,2,$24.99,3/14/2021,Blog,Ezri,Piscopello,Bigender,China,episcopelloeq@nature.com
Domainer,7.88,IOS,2,$3.54,12/15/2020,Notatnik,Valle,Sebrens,Bigender,Sweden,vsebrenser@toplist.cz
Home Ing,0.8.9,Android,5,$29.40,6/21/2020,Notatnik,Denny,Nobles,Female,Yemen,dnobleses@ftc.gov
Transcof,0.47,Android,0,$49.72,5/3/2021,Komunikator,Drusilla,Kedge,Polygender,China,dkedgeet@springer.com
Flexidy,0.3.1,IOS,0,$24.68,2/13/2021,Galeria tematyczna,Orville,Randal,Genderfluid,Argentina,orandaleu@dailymail.co.uk
Pannier,9.6.3,IOS,1,$41.17,6/15/2021,Blog,Bessie,Kirimaa,Genderfluid,Ukraine,bkirimaaev@theatlantic.com
Ventosanzap,7.4,IOS,2,$35.98,3/2/2020,Notatnik,Zsazsa,Owen,Bigender,China,zowenew@netvibes.com
Biodex,0.9.7,Android,1,$17.59,5/11/2021,Odtwarzacz muzyki,Auguste,Heal,Non-binary,Finland,ahealex@mac.com
Konklux,0.69,IOS,5,$41.08,7/7/2020,Tłumacz,Debbie,Songer,Polygender,Nigeria,dsongerey@blog.com
Asoka,1.0.6,Android,3,$23.97,10/17/2020,Notatnik,Jerald,Tring,Non-binary,Afghanistan,jtringez@typepad.com
Overhold,3.5.1,Android,0,$1.13,12/11/2020,Notatnik,Prue,Fluin,Male,Indonesia,pfluinf0@com.com
Voyatouch,2.1.3,Android,5,$2.83,11/3/2021,Sprawdzanie Poprawności Pisowni,Emilie,Ginley,Genderfluid,France,eginleyf1@nytimes.com
Y-find,7.84,IOS,2,$42.72,3/26/2021,Sprawdzanie Poprawności Pisowni,Gibb,Hully,Male,France,ghullyf2@wordpress.com
Duobam,6.7,Android,2,$37.54,2/29/2020,Sprawdzanie Poprawności Pisowni,Haydon,Scurman,Genderfluid,Estonia,hscurmanf3@intel.com
Otcom,0.80,IOS,3,$14.72,9/24/2020,Odtwarzacz muzyki,Carree,Tromans,Bigender,Portugal,ctromansf4@tripadvisor.com
Stim,5.5,Android,2,$24.01,2/9/2021,Sprawdzanie Poprawności Pisowni,Kelly,Karadzas,Agender,China,kkaradzasf5@dyndns.org
Cookley,0.59,IOS,5,$48.28,9/11/2021,Kreator Postaci,Herc,Kenealy,Agender,China,hkenealyf6@pen.io
Aerified,3.8,IOS,2,$4.36,3/13/2020,Komunikator,Corena,Lacelett,Genderqueer,Panama,clacelettf7@fema.gov
Treeflex,0.3.9,Android,3,$22.81,6/2/2020,Tłumacz,Annaliese,Birdis,Non-binary,Israel,abirdisf8@sbwire.com
Bigtax,3.5.4,Android,3,$11.22,5/10/2021,Notatnik,Temple,Friday,Agender,Peru,tfridayf9@mapquest.com
Stronghold,0.51,IOS,4,$46.23,5/4/2020,Blog,Lou,Seivertsen,Genderqueer,Colombia,lseivertsenfa@mail.ru
Greenlam,0.20,Android,5,$33.56,5/23/2020,Wyszukiwarka Synonimów,Fifi,Colly,Genderqueer,Slovenia,fcollyfb@csmonitor.com
It,4.8.0,Android,5,$40.37,3/31/2021,Notatnik,Lolly,Jorin,Female,Portugal,ljorinfc@prnewswire.com
Holdlamis,9.27,IOS,0,$13.45,8/28/2020,Komunikator,Winfield,Mincher,Male,Brazil,wmincherfd@google.it
Stronghold,2.9,Android,5,$46.69,3/23/2021,Blog,Gwen,Ovesen,Male,China,govesenfe@ebay.co.uk
Tres-Zap,0.11,IOS,2,$14.50,7/22/2020,Notatnik,Craggie,Mussett,Polygender,Indonesia,cmussettff@businesswire.com
Stringtough,2.4,Android,0,$22.89,2/1/2021,Tłumacz,Trev,Kulver,Male,China,tkulverfg@phoca.cz
Stringtough,0.1.0,Android,5,$25.61,6/12/2021,Komunikator,Vaclav,Berrecloth,Non-binary,Afghanistan,vberreclothfh@berkeley.edu
Quo Lux,0.84,IOS,1,$38.56,8/25/2021,Kreator Postaci,Ninnette,Tennet,Non-binary,Indonesia,ntennetfi@npr.org
Aerified,2.5,Android,0,$36.91,1/26/2021,Notatnik,Robb,Cheston,Genderqueer,Poland,rchestonfj@squarespace.com
Stringtough,0.3.8,Android,0,$39.36,12/24/2019,Blog,Ray,Loomes,Non-binary,Chile,rloomesfk@opera.com
Y-Solowarm,0.24,Android,1,$36.56,3/30/2021,Kreator Okładek,Reilly,Neem,Non-binary,Portugal,rneemfl@yolasite.com
Tresom,5.2.6,Android,2,$7.83,4/27/2020,Tłumacz,Kristian,Starte,Female,Portugal,kstartefm@bravesites.com
Stim,0.5.2,IOS,0,$10.93,12/14/2019,Kreator Okładek,Ilario,Cranna,Polygender,Russia,icrannafn@mac.com
Ronstring,2.8.8,IOS,3,$43.92,10/14/2020,Notatnik,Leonard,Ales0,Genderqueer,China,lalesfo@hud.gov
Stringtough,8.9.7,Android,4,$15.52,8/22/2021,Sprawdzanie Poprawności Pisowni,Elmira,Haddon,Bigender,Russia,ehaddonfp@cdc.gov
Bytecard,4.5.8,Android,1,$8.21,11/9/2021,Galeria tematyczna,Rogers,MacKibbon,Male,Syria,rmackibbonfq@bluehost.com
Otcom,0.97,IOS,0,$36.31,11/7/2020,Notatnik,Jobie,Mougenel,Male,Poland,jmougenelfr@technorati.com
Pannier,0.7.9,Android,5,$1.95,3/14/2020,Galeria tematyczna,Marina,Woolf,Genderqueer,Russia,mwoolffs@ezinearticles.com
Zoolab,0.2.1,IOS,1,$41.96,9/14/2020,Tłumacz,Wildon,Cakes,Agender,Canada,wcakesft@shutterfly.com
Span,6.23,IOS,5,$35.28,1/4/2020,Tłumacz,Erl,Christofor,Non-binary,France,echristoforfu@washington.edu
Opela,6.3.8,Android,0,$12.28,4/25/2021,Kreator Postaci,Darrelle,Palia,Polygender,Indonesia,dpaliafv@hatena.ne.jp
Voltsillam,3.8,Android,5,$34.85,11/23/2020,Blog,Quintina,Guerry,Agender,Russia,qguerryfw@mapquest.com
Fixflex,1.73,IOS,5,$29.99,7/10/2021,Galeria tematyczna,Eunice,Little,Genderqueer,China,elittlefx@google.com.br
Aerified,2.91,Android,0,$15.58,8/4/2020,Kreator Postaci,Teirtza,Eltringham,Male,Croatia,teltringhamfy@thetimes.co.uk
Konklux,0.47,Android,3,$24.71,12/27/2020,Kreator Okładek,Camila,Dullard,Genderqueer,Gambia,cdullardfz@jigsy.com
Bitchip,0.48,IOS,3,$44.60,1/3/2021,Sprawdzanie Poprawności Pisowni,Taber,Crusham,Female,China,tcrushamg0@walmart.com
Job,0.14,IOS,2,$15.70,1/4/2020,Kreator Okładek,Emmeline,Doody,Genderqueer,China,edoodyg1@google.com.au
Flowdesk,2.4.9,IOS,1,$34.99,10/18/2021,Kreator Postaci,Leoine,Blampy,Polygender,China,lblampyg2@deliciousdays.com
Cardguard,7.2,IOS,1,$32.14,9/20/2020,Sprawdzanie Poprawności Pisowni,Kathie,Cisson,Non-binary,Finland,kcissong3@ebay.com
Zontrax,0.77,Android,2,$3.58,1/30/2021,Odtwarzacz muzyki,Helyn,Archbald,Non-binary,Vietnam,harchbaldg4@vimeo.com
Flowdesk,0.7.0,IOS,1,$11.88,11/20/2021,Tłumacz,Georgia,Brimble,Non-binary,Wallis and Futuna,gbrimbleg5@parallels.com
Voyatouch,1.51,IOS,2,$43.49,8/24/2020,Kreator Okładek,Kay,Jahndel,Genderqueer,China,kjahndelg6@forbes.com
Toughjoyfax,3.96,Android,5,$36.50,3/9/2021,Komunikator,Glenn,Badgers,Agender,Greece,gbadgersg7@163.com
Ventosanzap,4.6.7,Android,2,$29.54,3/7/2020,Komunikator,Tatum,Demetr,Bigender,Portugal,tdemetrg8@tripod.com
Andalax,0.94,IOS,3,$35.66,9/11/2021,Tłumacz,Jacki,McReedy,Polygender,Jordan,jmcreedyg9@sphinn.com
Lotlux,0.45,Android,3,$19.28,3/28/2020,Kreator Okładek,Linn,Kira,Genderqueer,Tunisia,lkiraga@chronoengine.com
Alpha,9.7,Android,1,$21.38,3/24/2021,Wyszukiwarka Synonimów,Brittney,Sarra,Genderqueer,Thailand,bsarragb@youtube.com
Transcof,1.6,IOS,3,$34.73,7/16/2020,Odtwarzacz muzyki,Gamaliel,Gianotti,Female,Philippines,ggianottigc@alibaba.com
Ventosanzap,0.51,Android,2,$3.15,12/31/2019,Blog,Rafa,Joyner,Genderfluid,Niger,rjoynergd@icio.us
Zaam-Dox,0.23,IOS,4,$41.16,5/11/2020,Blog,Marabel,Cretney,Female,East Timor,mcretneyge@columbia.edu
Voyatouch,0.18,Android,3,$18.11,12/28/2020,Sprawdzanie Poprawności Pisowni,Shena,Mewhirter,Polygender,China,smewhirtergf@google.co.jp
Andalax,5.56,IOS,0,$38.81,10/17/2021,Kreator Okładek,Shermy,Olech,Female,Latvia,solechgg@stumbleupon.com
Greenlam,0.18,IOS,3,$43.56,1/2/2021,Tłumacz,Silvan,Fewtrell,Genderfluid,Belarus,sfewtrellgh@comcast.net
Fixflex,0.56,Android,0,$17.07,3/4/2021,Kreator Postaci,Fergus,Robbel,Bigender,Greece,frobbelgi@printfriendly.com
Redhold,5.0,IOS,2,$37.15,6/17/2021,Kreator Postaci,Cliff,Titt,Genderfluid,Egypt,ctittgj@bravesites.com
Cardify,2.6,IOS,1,$1.54,9/24/2021,Kreator Postaci,Urbanus,MacQuarrie,Agender,Brazil,umacquarriegk@youtube.com
Fintone,0.58,IOS,5,$16.08,10/20/2020,Galeria tematyczna,Gerome,Cushelly,Genderfluid,United States,gcushellygl@businessweek.com
Konklux,0.45,IOS,4,$29.28,10/3/2021,Notatnik,Paul,Woolaston,Genderqueer,Poland,pwoolastongm@ihg.com
Bytecard,6.7.1,Android,5,$25.50,12/3/2021,Notatnik,Bebe,Mayor,Agender,Ireland,bmayorgn@163.com
Zamit,0.4.9,Android,2,$42.34,11/11/2020,Wyszukiwarka Synonimów,Lanie,Joannic,Male,Thailand,ljoannicgo@imgur.com
Veribet,0.35,IOS,1,$5.16,8/10/2020,Tłumacz,Erin,Rawlin,Female,Russia,erawlingp@wp.com
Lotlux,0.1.7,IOS,1,$27.20,7/11/2021,Tłumacz,Gualterio,Farbrace,Agender,Japan,gfarbracegq@fda.gov
Cardguard,5.52,IOS,3,$9.82,9/27/2020,Tłumacz,Chadwick,Ferrand,Male,Peru,cferrandgr@domainmarket.com
Daltfresh,5.7.3,IOS,1,$21.48,3/5/2020,Odtwarzacz muzyki,Wes,Haskett,Polygender,Russia,whaskettgs@hhs.gov
Solarbreeze,7.0,Android,2,$17.06,2/4/2021,Komunikator,Loise,Yegorkov,Genderqueer,United States,lyegorkovgt@arizona.edu
Andalax,0.72,Android,5,$35.58,11/21/2021,Odtwarzacz muzyki,Dieter,Trolley,Non-binary,China,dtrolleygu@intel.com
Biodex,7.5,IOS,5,$18.40,8/14/2021,Sprawdzanie Poprawności Pisowni,Petronille,Warrilow,Polygender,Indonesia,pwarrilowgv@reverbnation.com
Home Ing,0.6.9,Android,1,$24.52,5/12/2020,Galeria tematyczna,Conrade,Stollberger,Genderfluid,China,cstollbergergw@163.com
Rank,8.75,IOS,5,$43.47,12/22/2020,Kreator Postaci,Rance,Beslier,Female,Portugal,rbesliergx@independent.co.uk
Zathin,0.2.0,Android,1,$42.00,7/14/2021,Tłumacz,Dulcinea,Pumphreys,Genderqueer,Sierra Leone,dpumphreysgy@businessinsider.com
Alphazap,7.3.4,Android,3,$25.80,7/25/2020,Notatnik,Doretta,Rain,Agender,Greece,draingz@time.com
Asoka,0.22,IOS,5,$39.56,8/2/2021,Odtwarzacz muzyki,Jamison,Connochie,Bigender,Russia,jconnochieh0@indiegogo.com
Greenlam,4.48,IOS,3,$8.56,1/18/2020,Kreator Okładek,Colene,Ferrieri,Genderqueer,Czech Republic,cferrierih1@cbslocal.com
Zaam-Dox,2.8.4,Android,0,$49.85,3/14/2020,Kreator Postaci,Walden,Galton,Non-binary,Serbia,wgaltonh2@seesaa.net
Biodex,1.8,IOS,1,$20.16,10/25/2021,Wyszukiwarka Synonimów,Hieronymus,Rennie,Female,Nigeria,hrennieh3@naver.com
Zathin,8.9,IOS,2,$17.11,2/8/2021,Notatnik,Gaile,Creavan,Non-binary,Kazakhstan,gcreavanh4@uol.com.br
Vagram,6.1.2,IOS,0,$25.72,4/11/2021,Galeria tematyczna,Findley,Rupprecht,Male,Morocco,frupprechth5@yelp.com
Lotlux,0.53,IOS,1,$16.17,11/25/2021,Tłumacz,Tyler,Gilmartin,Genderqueer,Malaysia,tgilmartinh6@tinyurl.com
Bitchip,3.3,Android,4,$47.83,10/5/2021,Galeria tematyczna,Dylan,D'Agostino,Genderfluid,Poland,ddagostinoh7@nifty.com
Duobam,4.97,IOS,5,$26.89,3/17/2020,Komunikator,Romona,Boshere,Non-binary,Portugal,rboshereh8@earthlink.net
Holdlamis,0.2.0,Android,2,$2.81,12/7/2021,Galeria tematyczna,Boony,Eassom,Genderfluid,Greece,beassomh9@biblegateway.com
Lotlux,0.82,Android,2,$48.21,8/25/2021,Tłumacz,Marya,Sex,Male,China,msexha@wsj.com
Subin,0.6.2,IOS,0,$24.03,3/22/2020,Kreator Postaci,Lezlie,Jiggle,Male,China,ljigglehb@gnu.org
Bitwolf,8.1,IOS,3,$22.10,3/8/2021,Galeria tematyczna,Dwayne,Argabrite,Genderfluid,China,dargabritehc@wordpress.org
Tempsoft,3.67,Android,1,$17.05,10/24/2021,Kreator Postaci,Doloritas,Hatchman,Polygender,Ivory Coast,dhatchmanhd@vkontakte.ru
Kanlam,6.6.3,IOS,1,$34.06,3/18/2021,Blog,Dee dee,Floyed,Polygender,Vietnam,dfloyedhe@nbcnews.com
Asoka,0.12,IOS,0,$31.68,9/9/2021,Blog,Tuck,Willford,Non-binary,Finland,twillfordhf@parallels.com
Pannier,0.69,IOS,1,$36.56,9/5/2020,Tłumacz,Lyndell,Rayworth,Female,Uruguay,lrayworthhg@webnode.com
Mat Lam Tam,6.53,IOS,1,$16.36,2/17/2020,Sprawdzanie Poprawności Pisowni,Payton,Batha,Genderqueer,Canada,pbathahh@ox.ac.uk
Zoolab,1.17,IOS,2,$12.10,10/20/2020,Tłumacz,Reid,Dykins,Genderqueer,Honduras,rdykinshi@ucoz.ru
Tampflex,0.20,Android,3,$36.71,12/2/2020,Sprawdzanie Poprawności Pisowni,Daren,Thexton,Agender,Thailand,dthextonhj@samsung.com
Greenlam,1.69,Android,2,$48.70,10/27/2021,Blog,Zacherie,Momery,Male,Philippines,zmomeryhk@weather.com
Zaam-Dox,2.38,Android,5,$35.76,3/24/2020,Komunikator,Keith,Haskett,Bigender,China,khasketthl@reddit.com
Opela,7.3,Android,1,$14.83,8/2/2021,Wyszukiwarka Synonimów,Archer,Seel,Genderfluid,Iran,aseelhm@php.net
Tres-Zap,6.28,IOS,4,$20.50,8/7/2020,Odtwarzacz muzyki,Kristi,Ambrodi,Male,China,kambrodihn@jigsy.com
Lotstring,5.7.2,Android,5,$24.43,12/14/2020,Kreator Postaci,Letty,Rentoll,Female,Indonesia,lrentollho@friendfeed.com
Temp,8.80,Android,4,$43.10,3/26/2021,Wyszukiwarka Synonimów,Tracey,Hunnable,Genderqueer,Vietnam,thunnablehp@washington.edu
Overhold,3.5,Android,4,$39.48,7/1/2020,Wyszukiwarka Synonimów,Manda,Cousins,Polygender,Russia,mcousinshq@g.co
Holdlamis,9.47,IOS,2,$16.29,9/6/2020,Odtwarzacz muzyki,Randolf,Cobelli,Non-binary,China,rcobellihr@fotki.com
Lotstring,6.4.3,IOS,4,$43.31,9/10/2020,Tłumacz,Whitaker,Boldt,Genderqueer,China,wboldths@hibu.com
Tempsoft,4.0.2,IOS,4,$41.61,11/18/2020,Wyszukiwarka Synonimów,Hercules,Sabater,Genderfluid,Japan,hsabaterht@elpais.com
Sonsing,0.19,Android,3,$21.72,12/3/2020,Tłumacz,Sonja,De Mitri,Genderqueer,Ukraine,sdemitrihu@ameblo.jp
Fixflex,0.58,Android,3,$11.34,4/6/2021,Sprawdzanie Poprawności Pisowni,Faustina,Chiswell,Genderfluid,Poland,fchiswellhv@barnesandnoble.com
Solarbreeze,3.8,Android,5,$24.49,1/9/2021,Galeria tematyczna,Teddy,Buston,Genderfluid,Philippines,tbustonhw@domainmarket.com
Opela,0.3.7,IOS,3,$9.05,3/12/2021,Sprawdzanie Poprawności Pisowni,Waneta,Ramos,Female,Haiti,wramoshx@gmpg.org
Zaam-Dox,2.0,Android,1,$41.16,1/2/2021,Kreator Okładek,Golda,Mabbott,Bigender,China,gmabbotthy@qq.com
Tresom,6.4.4,Android,4,$7.60,5/2/2021,Wyszukiwarka Synonimów,Regen,Emmott,Genderfluid,France,remmotthz@jimdo.com
Holdlamis,0.8.4,Android,0,$34.24,9/26/2021,Kreator Okładek,Cathi,Bowley,Male,Guatemala,cbowleyi0@indiegogo.com
Job,8.9,Android,1,$46.48,9/29/2020,Kreator Okładek,Idaline,Loy,Bigender,France,iloyi1@msu.edu
Voltsillam,0.1.8,IOS,5,$42.75,6/22/2021,Kreator Postaci,Thaddeus,Binham,Agender,Brazil,tbinhami2@storify.com
Stringtough,3.9,Android,2,$35.27,12/22/2020,Odtwarzacz muzyki,Aron,Hastelow,Male,Portugal,ahastelowi3@mashable.com
Bigtax,0.1.1,Android,1,$49.05,12/16/2020,Blog,Lindi,Fendlen,Agender,Philippines,lfendleni4@mail.ru
Ventosanzap,7.40,Android,1,$6.70,6/8/2021,Sprawdzanie Poprawności Pisowni,Colet,Mapplethorpe,Agender,Austria,cmapplethorpei5@oaic.gov.au
Stronghold,9.7,IOS,5,$10.23,7/14/2020,Kreator Postaci,Brantley,Jansema,Agender,China,bjansemai6@about.me
Greenlam,3.62,Android,4,$20.93,11/13/2020,Tłumacz,Eleni,Charleston,Non-binary,China,echarlestoni7@miitbeian.gov.cn
Sonair,7.9.3,Android,2,$6.91,12/16/2019,Kreator Postaci,Whitney,McLemon,Genderfluid,Morocco,wmclemoni8@wix.com
Lotstring,2.7,Android,0,$20.60,11/23/2020,Kreator Postaci,Caroline,Ivakin,Genderfluid,Philippines,civakini9@globo.com
Tres-Zap,0.23,Android,0,$6.19,12/22/2020,Kreator Okładek,Goldy,Teliga,Female,Russia,gteligaia@nytimes.com
Redhold,3.2,IOS,5,$49.07,3/6/2021,Kreator Postaci,Glenda,Quayle,Female,Brazil,gquayleib@symantec.com
Ronstring,0.1.8,IOS,4,$41.34,9/27/2020,Galeria tematyczna,Atlante,Brotherick,Polygender,Indonesia,abrotherickic@guardian.co.uk
It,1.3.0,Android,3,$5.46,2/6/2020,Wyszukiwarka Synonimów,Roxanne,Girtin,Agender,Brazil,rgirtinid@netscape.com
Opela,0.5.6,Android,4,$32.25,5/18/2020,Notatnik,Margi,Elles,Agender,Sweden,mellesie@canalblog.com
Voyatouch,4.8,IOS,5,$4.12,2/9/2021,Blog,Mendy,Moston,Male,China,mmostonif@purevolume.com
Trippledex,0.36,IOS,5,$2.98,9/7/2020,Galeria tematyczna,Mellisa,Zum Felde,Male,Philippines,mzumfeldeig@mysql.com
Bitwolf,2.3.5,IOS,1,$26.04,8/10/2020,Sprawdzanie Poprawności Pisowni,Hendrika,Driver,Genderqueer,North Korea,hdriverih@rediff.com
Cookley,0.7.8,Android,3,$24.79,4/8/2021,Galeria tematyczna,Sam,Lodevick,Non-binary,South Africa,slodevickii@biblegateway.com
Transcof,5.6,Android,5,$43.29,9/19/2021,Galeria tematyczna,Ester,Pereira,Agender,China,epereiraij@dmoz.org
Alphazap,0.5.6,IOS,3,$27.76,1/7/2020,Notatnik,Neddy,Lages,Agender,Italy,nlagesik@mapy.cz
Bamity,0.26,IOS,3,$34.81,3/10/2021,Komunikator,Linnell,Schurcke,Bigender,Portugal,lschurckeil@newyorker.com
Greenlam,8.83,IOS,1,$11.28,1/25/2021,Galeria tematyczna,Enrichetta,Garie,Agender,China,egarieim@ox.ac.uk
Zaam-Dox,1.7.2,IOS,3,$42.00,6/18/2021,Wyszukiwarka Synonimów,Kalindi,Jochens,Female,Philippines,kjochensin@tripadvisor.com
Y-Solowarm,1.1.7,Android,1,$43.00,7/17/2020,Tłumacz,Guthrey,Rivilis,Agender,Estonia,grivilisio@prweb.com
Sub-Ex,3.0.4,Android,5,$31.65,10/18/2020,Blog,Denny,Owens,Agender,China,dowensip@businesswire.com
Opela,1.00,IOS,1,$18.18,4/5/2021,Sprawdzanie Poprawności Pisowni,Audra,Anten,Bigender,Portugal,aanteniq@virginia.edu
Ventosanzap,6.5.0,Android,1,$20.19,11/3/2021,Blog,Evan,Le Grove,Genderqueer,Uganda,elegroveir@sphinn.com
Zaam-Dox,5.1,IOS,3,$6.60,6/7/2021,Komunikator,Karyl,Trood,Female,China,ktroodis@51.la
Konklab,8.86,Android,5,$22.47,11/22/2021,Notatnik,Kristina,Dowey,Bigender,Colombia,kdoweyit@posterous.com
Zaam-Dox,0.73,IOS,3,$6.56,10/12/2021,Komunikator,Eolanda,Mabone,Male,Brazil,emaboneiu@comcast.net
Stronghold,9.7.2,Android,1,$26.96,8/10/2021,Blog,Fernando,Guerrazzi,Non-binary,Czech Republic,fguerrazziiv@cisco.com
Bitwolf,5.12,IOS,3,$34.02,5/27/2020,Odtwarzacz muzyki,Law,Bloor,Polygender,Poland,lblooriw@disqus.com
Tampflex,0.4.0,IOS,5,$34.07,5/30/2020,Sprawdzanie Poprawności Pisowni,Arie,Ramsier,Non-binary,France,aramsierix@over-blog.com
Namfix,3.8.8,Android,0,$46.56,5/13/2020,Kreator Postaci,Maurizia,Dawdry,Male,China,mdawdryiy@nbcnews.com
Redhold,0.96,IOS,2,$33.86,6/11/2021,Notatnik,Ashil,Rettie,Polygender,Indonesia,arettieiz@ebay.com
Vagram,0.31,IOS,1,$5.89,9/10/2020,Blog,Kalle,Instone,Non-binary,France,kinstonej0@a8.net
Flexidy,1.99,Android,1,$45.50,9/12/2021,Galeria tematyczna,Cecelia,Ghilardi,Agender,Malawi,cghilardij1@goodreads.com
Tin,7.65,Android,4,$20.35,4/10/2020,Komunikator,Emmett,MacRitchie,Male,Colombia,emacritchiej2@naver.com
Rank,0.7.1,IOS,5,$13.16,10/21/2020,Tłumacz,Gennie,Weinberg,Non-binary,Greece,gweinbergj3@cloudflare.com
Flexidy,7.3,IOS,1,$48.76,4/2/2021,Wyszukiwarka Synonimów,Conny,Brand,Genderfluid,France,cbrandj4@china.com.cn
Hatity,0.2.3,IOS,5,$45.16,4/29/2020,Komunikator,Patton,Hoofe,Agender,Israel,phoofej5@narod.ru
Tres-Zap,5.8,IOS,4,$3.52,10/31/2021,Odtwarzacz muzyki,Arlinda,Godin,Genderqueer,Tajikistan,agodinj6@sourceforge.net
Duobam,0.73,IOS,2,$45.01,11/6/2021,Blog,Susy,Goard,Bigender,Malawi,sgoardj7@java.com
Lotstring,0.2.1,Android,5,$47.18,11/24/2021,Sprawdzanie Poprawności Pisowni,Gal,Boor,Genderqueer,Indonesia,gboorj8@51.la
Cookley,8.1,IOS,4,$5.71,9/13/2021,Kreator Postaci,Lily,Annesley,Non-binary,Brazil,lannesleyj9@cocolog-nifty.com
Kanlam,5.5,Android,4,$12.59,4/22/2021,Komunikator,Janifer,Rimington,Female,Luxembourg,jrimingtonja@homestead.com
Fix San,0.65,Android,4,$9.29,6/15/2020,Blog,Vidovik,Mibourne,Bigender,France,vmibournejb@yelp.com
Regrant,0.78,IOS,1,$30.59,7/9/2020,Notatnik,Mikaela,Hudel,Genderfluid,Russia,mhudeljc@tripadvisor.com
Fix San,2.60,Android,5,$37.56,6/30/2020,Kreator Postaci,Fritz,Conradie,Male,Indonesia,fconradiejd@vistaprint.com
Tempsoft,5.1.9,IOS,3,$20.62,11/27/2020,Notatnik,Ebonee,Wittman,Male,China,ewittmanje@google.fr
Lotstring,0.4.3,Android,1,$18.75,7/27/2021,Odtwarzacz muzyki,Fax,Haskell,Male,Indonesia,fhaskelljf@surveymonkey.com
Home Ing,4.7.7,IOS,2,$2.20,3/5/2021,Komunikator,Lanita,Vallens,Genderfluid,Indonesia,lvallensjg@comcast.net
Sonair,6.06,IOS,0,$33.99,12/23/2019,Blog,Ki,Edmeads,Bigender,Indonesia,kedmeadsjh@globo.com
Prodder,0.24,IOS,5,$23.86,3/22/2020,Notatnik,Lil,Jerred,Polygender,Indonesia,ljerredji@telegraph.co.uk
Sonsing,0.78,IOS,2,$31.76,9/5/2021,Blog,Erie,Dumbrall,Genderqueer,Czech Republic,edumbralljj@ucoz.com
Alphazap,8.4.4,Android,4,$9.21,6/17/2021,Komunikator,Lee,Schoenleiter,Agender,Czech Republic,lschoenleiterjk@dyndns.org
Subin,8.7,Android,3,$27.61,4/13/2021,Sprawdzanie Poprawności Pisowni,Cornall,Lingwood,Male,China,clingwoodjl@nih.gov
Tres-Zap,0.24,IOS,1,$20.40,5/17/2020,Tłumacz,Hedvig,Cottill,Genderqueer,South Africa,hcottilljm@msu.edu
Bitchip,3.60,Android,5,$42.63,9/29/2021,Sprawdzanie Poprawności Pisowni,Trace,Borge,Bigender,Sweden,tborgejn@ycombinator.com
Sonair,0.5.6,Android,5,$28.41,6/29/2021,Tłumacz,Daffi,Thalmann,Male,Sierra Leone,dthalmannjo@nasa.gov
Regrant,9.5.9,IOS,1,$3.44,12/27/2020,Blog,Jacinta,Morrice,Polygender,China,jmorricejp@globo.com
Aerified,0.30,Android,0,$38.47,4/13/2021,Kreator Postaci,Ailee,Boldison,Bigender,Indonesia,aboldisonjq@usgs.gov
Tres-Zap,0.88,IOS,4,$10.67,10/28/2020,Blog,Donielle,Fadden,Female,Finland,dfaddenjr@wired.com
Asoka,8.37,IOS,5,$5.68,5/10/2021,Kreator Postaci,Stefania,Pfiffer,Female,Portugal,spfifferjs@businessinsider.com
Alpha,4.7.8,Android,1,$49.33,3/4/2020,Wyszukiwarka Synonimów,Jaime,Mewha,Male,China,jmewhajt@archive.org
Pannier,0.16,IOS,0,$34.17,8/17/2020,Komunikator,Ann-marie,Cupitt,Agender,Luxembourg,acupittju@ft.com
Konklab,8.50,Android,3,$44.44,1/5/2021,Kreator Postaci,Maybelle,Santarelli,Non-binary,Indonesia,msantarellijv@digg.com
Konklux,2.23,IOS,2,$27.55,1/6/2020,Kreator Postaci,Terri-jo,Kendell,Non-binary,Palestinian Territory,tkendelljw@wix.com
Vagram,9.0.8,Android,1,$24.27,10/8/2020,Kreator Postaci,Anita,Ogborn,Agender,Colombia,aogbornjx@jalbum.net
Bytecard,3.9,Android,5,$16.82,11/19/2021,Notatnik,Irwinn,Goldin,Genderfluid,China,igoldinjy@cornell.edu
Bitwolf,8.3,Android,1,$30.36,7/3/2020,Kreator Okładek,Lizzie,Mulvagh,Polygender,Lebanon,lmulvaghjz@timesonline.co.uk
Tin,2.3.5,Android,5,$2.24,3/7/2021,Sprawdzanie Poprawności Pisowni,Erma,Steinson,Genderqueer,Russia,esteinsonk0@webeden.co.uk
Zamit,0.38,Android,4,$33.75,8/6/2021,Odtwarzacz muzyki,Siegfried,Ganning,Non-binary,Canada,sganningk1@columbia.edu
Viva,9.74,Android,3,$29.98,6/26/2020,Galeria tematyczna,Juanita,Bicknell,Genderqueer,Canada,jbicknellk2@archive.org
Regrant,0.93,Android,5,$35.79,12/27/2019,Kreator Okładek,Gunar,Lathom,Female,Indonesia,glathomk3@themeforest.net
Otcom,7.22,IOS,5,$9.42,8/11/2020,Komunikator,Laurens,Jelly,Genderqueer,Mexico,ljellyk4@bigcartel.com
Domainer,0.96,IOS,3,$39.01,10/19/2020,Kreator Postaci,Rodolphe,Curme,Bigender,Nicaragua,rcurmek5@canalblog.com
Alpha,1.35,IOS,0,$0.95,10/10/2021,Blog,Amos,Creasy,Female,Poland,acreasyk6@cdbaby.com
Domainer,0.82,IOS,2,$31.27,5/24/2020,Komunikator,Bobbe,Vousden,Non-binary,Nepal,bvousdenk7@plala.or.jp
Zathin,0.26,Android,4,$18.12,10/22/2021,Komunikator,Tony,Grishukhin,Genderfluid,United Kingdom,tgrishukhink8@mtv.com
Treeflex,0.13,IOS,1,$25.76,7/4/2020,Sprawdzanie Poprawności Pisowni,Curtice,Dannett,Genderqueer,Colombia,cdannettk9@cafepress.com
Tin,0.2.5,IOS,1,$0.31,7/29/2020,Galeria tematyczna,Urban,Gaines,Non-binary,Colombia,ugaineska@globo.com
Span,0.9.1,Android,4,$35.40,2/6/2021,Sprawdzanie Poprawności Pisowni,Reuven,Code,Genderqueer,Philippines,rcodekb@illinois.edu
Bitwolf,9.48,Android,3,$22.89,9/13/2021,Odtwarzacz muzyki,Andrei,Paffley,Male,China,apaffleykc@ucla.edu
Hatity,2.96,Android,3,$39.29,2/23/2020,Blog,Ferrell,Snowling,Bigender,Poland,fsnowlingkd@omniture.com
Rank,0.5.7,Android,0,$21.53,4/22/2020,Kreator Okładek,Leena,Norris,Male,Indonesia,lnorriske@squidoo.com
Tempsoft,9.58,IOS,3,$38.16,9/14/2020,Kreator Okładek,Sarina,Keegan,Male,Poland,skeegankf@dagondesign.com
Pannier,0.2.3,Android,3,$29.33,10/7/2020,Wyszukiwarka Synonimów,Syman,Bridgewood,Male,Azerbaijan,sbridgewoodkg@wikispaces.com
Duobam,5.02,Android,2,$25.83,3/13/2021,Komunikator,Giordano,Tomkies,Genderfluid,China,gtomkieskh@istockphoto.com
Pannier,5.6,Android,1,$19.11,9/1/2021,Tłumacz,Jarid,Stockdale,Bigender,Argentina,jstockdaleki@github.io
Duobam,2.98,Android,3,$46.16,5/2/2021,Notatnik,Kiele,Manuaud,Genderfluid,Peru,kmanuaudkj@weibo.com
Solarbreeze,5.42,IOS,4,$46.72,2/21/2020,Galeria tematyczna,Joana,Jarritt,Bigender,China,jjarrittkk@altervista.org
Y-Solowarm,1.9.9,Android,5,$2.90,8/23/2021,Galeria tematyczna,Chastity,Borgesio,Genderqueer,Poland,cborgesiokl@sciencedirect.com
Sub-Ex,2.7,IOS,2,$46.33,6/15/2020,Galeria tematyczna,Leodora,Errett,Bigender,Sweden,lerrettkm@theguardian.com
Y-Solowarm,0.49,IOS,4,$4.11,8/3/2020,Galeria tematyczna,Kilian,Edghinn,Female,Philippines,kedghinnkn@answers.com
Sub-Ex,6.37,IOS,5,$41.80,9/24/2021,Kreator Okładek,Xever,Marusyak,Female,Indonesia,xmarusyakko@cbslocal.com
Trippledex,1.7,Android,0,$0.54,2/15/2021,Tłumacz,Marie-ann,Tallow,Non-binary,Indonesia,mtallowkp@businessinsider.com
Fixflex,0.5.0,IOS,1,$18.24,10/18/2021,Kreator Okładek,Jobyna,Carswell,Bigender,Yemen,jcarswellkq@clickbank.net
Zathin,0.9.5,IOS,4,$45.96,8/19/2020,Tłumacz,Pamela,Witt,Agender,Croatia,pwittkr@wikimedia.org
Stronghold,2.06,IOS,5,$36.93,6/30/2021,Sprawdzanie Poprawności Pisowni,Darcey,Cronshaw,Agender,Ukraine,dcronshawks@statcounter.com
Veribet,4.4,IOS,1,$34.52,12/29/2019,Kreator Postaci,Raleigh,Clout,Agender,Czech Republic,rcloutkt@state.tx.us
Duobam,3.36,IOS,1,$17.89,11/26/2020,Galeria tematyczna,Kassandra,Farran,Bigender,Syria,kfarranku@qq.com
Greenlam,7.2.7,IOS,4,$47.15,9/26/2021,Kreator Postaci,Dom,Pearcey,Genderqueer,Russia,dpearceykv@jugem.jp
Lotstring,4.9.9,Android,1,$11.55,5/31/2020,Wyszukiwarka Synonimów,Sheila,Anderson,Polygender,Colombia,sandersonkw@prweb.com
Trippledex,0.3.0,IOS,2,$3.92,11/23/2021,Kreator Postaci,Lyn,Jakubski,Male,Japan,ljakubskikx@geocities.jp
Toughjoyfax,0.66,Android,1,$7.52,4/14/2021,Odtwarzacz muzyki,Robyn,Meriot,Genderfluid,Portugal,rmeriotky@issuu.com
Holdlamis,8.36,IOS,3,$11.53,6/22/2021,Notatnik,Wandie,OIlier,Polygender,Bulgaria,woilierkz@vkontakte.ru
Redhold,1.78,Android,0,$4.69,9/25/2020,Kreator Postaci,Kellby,McTeague,Female,Ukraine,kmcteaguel0@comsenz.com
Regrant,5.2.5,Android,3,$47.25,10/16/2021,Wyszukiwarka Synonimów,Elvis,Bamb,Female,Indonesia,ebambl1@printfriendly.com
Kanlam,0.7.6,IOS,1,$29.79,9/26/2021,Sprawdzanie Poprawności Pisowni,Gonzales,Asman,Non-binary,Brazil,gasmanl2@bluehost.com
Hatity,4.0.7,Android,4,$34.39,1/23/2021,Kreator Okładek,Kandace,Martlew,Agender,Greece,kmartlewl3@chron.com
Voltsillam,0.5.2,Android,5,$1.30,6/15/2021,Wyszukiwarka Synonimów,Kile,Camellini,Polygender,Afghanistan,kcamellinil4@ftc.gov
Sub-Ex,7.5.0,Android,1,$25.03,7/9/2020,Blog,Wiatt,Sutherington,Genderfluid,Indonesia,wsutheringtonl5@jigsy.com
Veribet,9.43,IOS,4,$23.04,7/5/2021,Blog,Spence,Sunshine,Genderfluid,United States,ssunshinel6@cbsnews.com
Voltsillam,5.6.0,Android,0,$2.30,9/30/2020,Tłumacz,Gordan,Aulton,Bigender,Russia,gaultonl7@vk.com
Sonair,9.5,Android,0,$14.92,2/14/2021,Notatnik,Tannie,De Wolfe,Genderfluid,Myanmar,tdewolfel8@imageshack.us
Voyatouch,0.47,IOS,0,$32.68,9/23/2020,Kreator Okładek,Cassius,Brimblecombe,Non-binary,New Caledonia,cbrimblecombel9@parallels.com
Sonsing,4.57,Android,1,$8.90,3/11/2020,Odtwarzacz muzyki,Patton,Shillingford,Female,Burkina Faso,pshillingfordla@vistaprint.com
Zontrax,2.5,Android,2,$11.90,10/10/2021,Blog,Townie,Roz,Polygender,Indonesia,trozlb@europa.eu
Tresom,5.1,Android,0,$33.85,11/28/2021,Kreator Okładek,Goran,Hamlyn,Non-binary,Colombia,ghamlynlc@bloomberg.com
Latlux,0.3.3,IOS,1,$7.99,12/27/2020,Wyszukiwarka Synonimów,Thor,Coggin,Bigender,Israel,tcogginld@ameblo.jp
Toughjoyfax,7.9,IOS,5,$40.53,6/22/2020,Wyszukiwarka Synonimów,Riane,Petherick,Bigender,China,rpetherickle@fda.gov
Alphazap,0.1.8,Android,0,$43.08,6/26/2021,Komunikator,Hillary,Evangelinos,Polygender,Brazil,hevangelinoslf@berkeley.edu
Cookley,4.15,IOS,3,$23.43,8/26/2021,Galeria tematyczna,Gilburt,Ogbourne,Non-binary,Cuba,gogbournelg@artisteer.com
It,0.24,IOS,1,$37.04,5/13/2021,Kreator Okładek,Daveta,Pead,Polygender,Canada,dpeadlh@tmall.com
Subin,6.3,Android,5,$39.86,6/6/2021,Blog,Neile,Orlton,Agender,China,norltonli@nyu.edu
Hatity,1.34,Android,2,$27.07,11/5/2020,Blog,Rozanne,Conry,Polygender,Taiwan,rconrylj@artisteer.com
Tres-Zap,0.37,Android,5,$18.01,10/5/2020,Tłumacz,Adams,Glynn,Polygender,Vietnam,aglynnlk@nasa.gov
Namfix,6.0,Android,0,$41.32,12/31/2020,Galeria tematyczna,Lalo,Cope,Male,China,lcopell@shutterfly.com
Tresom,1.0,Android,1,$49.50,10/16/2020,Kreator Postaci,Binni,Woolacott,Male,El Salvador,bwoolacottlm@de.vu
Voyatouch,7.7,Android,1,$6.77,8/25/2021,Komunikator,Brit,Marquet,Polygender,France,bmarquetln@bizjournals.com
Keylex,8.63,IOS,0,$47.55,1/31/2020,Komunikator,Odelle,Rushman,Non-binary,Germany,orushmanlo@hatena.ne.jp
Y-find,0.48,Android,1,$5.38,1/15/2020,Blog,Xenos,Ardley,Male,China,xardleylp@sourceforge.net
Bigtax,0.65,IOS,2,$45.66,3/9/2021,Kreator Okładek,Dorolice,Jancik,Female,Indonesia,djanciklq@infoseek.co.jp
Cardguard,2.7.8,Android,0,$23.98,12/11/2020,Kreator Postaci,Humbert,Martill,Male,Poland,hmartilllr@cyberchimps.com
Matsoft,6.5.9,Android,0,$13.23,8/16/2020,Notatnik,Neysa,Comiskey,Agender,Indonesia,ncomiskeyls@gov.uk
Trippledex,0.24,Android,1,$13.01,11/3/2020,Tłumacz,Abie,Sergeant,Agender,Indonesia,asergeantlt@cnet.com
Ronstring,8.2,IOS,3,$32.14,3/27/2021,Odtwarzacz muzyki,Brande,Guile,Genderfluid,Philippines,bguilelu@adobe.com
Tempsoft,0.14,IOS,3,$39.90,11/18/2020,Kreator Postaci,Glendon,Emerton,Male,Indonesia,gemertonlv@ucoz.com
Lotlux,0.70,Android,5,$44.76,12/21/2020,Galeria tematyczna,Viviene,Mackerness,Female,Saudi Arabia,vmackernesslw@pinterest.com
Overhold,0.7.3,Android,2,$37.67,12/31/2020,Kreator Postaci,Isabel,Liepmann,Genderfluid,Nigeria,iliepmannlx@goo.gl
Voltsillam,5.8,IOS,0,$12.60,8/3/2020,Kreator Postaci,Hinda,Cruickshanks,Non-binary,Poland,hcruickshanksly@bbb.org
Home Ing,9.7.8,Android,5,$22.10,2/1/2020,Notatnik,Ginnie,Elt,Agender,China,geltlz@g.co
Aerified,8.6.1,Android,3,$3.02,7/9/2020,Komunikator,Arlee,Hixley,Male,Brazil,ahixleym0@dion.ne.jp
Fintone,1.9.5,Android,2,$29.27,7/6/2021,Kreator Postaci,Ibbie,Lerhinan,Bigender,Estonia,ilerhinanm1@xrea.com
Cookley,9.95,IOS,1,$23.90,2/12/2021,Galeria tematyczna,Livy,Asbery,Genderqueer,China,lasberym2@yelp.com
Job,0.1.1,IOS,2,$32.05,8/14/2021,Kreator Okładek,Kenyon,Lisle,Male,Chile,klislem3@multiply.com
Y-find,0.5.6,Android,4,$45.51,5/19/2020,Tłumacz,Zoe,Kubicka,Agender,China,zkubickam4@photobucket.com
Voyatouch,0.78,Android,1,$10.07,7/12/2021,Blog,Rance,Rosas,Female,China,rrosasm5@macromedia.com
Hatity,5.6,IOS,1,$32.89,4/10/2020,Komunikator,Rafaelita,Handford,Agender,China,rhandfordm6@ca.gov
Alpha,3.7,Android,0,$2.39,11/3/2020,Wyszukiwarka Synonimów,Sadie,Fairebrother,Polygender,Gambia,sfairebrotherm7@51.la
Wrapsafe,0.34,Android,3,$23.03,1/6/2020,Galeria tematyczna,Rickert,Pittwood,Bigender,Indonesia,rpittwoodm8@tmall.com
Job,8.5.9,Android,3,$17.65,8/30/2021,Notatnik,Carita,Keward,Bigender,Japan,ckewardm9@bravesites.com
Bitchip,0.94,IOS,2,$0.07,8/4/2021,Kreator Okładek,Vince,Alker,Genderqueer,Peru,valkerma@businesswire.com
Lotstring,6.9,Android,1,$9.94,1/2/2020,Wyszukiwarka Synonimów,Clarinda,Meaden,Agender,Brazil,cmeadenmb@networkadvertising.org
Tin,3.1.2,IOS,0,$25.90,8/28/2020,Odtwarzacz muzyki,Hansiain,Shapero,Agender,Indonesia,hshaperomc@google.co.uk
Solarbreeze,4.4.9,Android,2,$14.18,12/3/2020,Sprawdzanie Poprawności Pisowni,Valentina,Fullerlove,Genderfluid,Peru,vfullerlovemd@barnesandnoble.com
Matsoft,0.27,Android,0,$41.27,1/25/2021,Sprawdzanie Poprawności Pisowni,Rozalin,Larkcum,Non-binary,Portugal,rlarkcumme@abc.net.au
Holdlamis,0.9.3,Android,5,$36.94,1/7/2021,Notatnik,Ruddie,Weblin,Genderqueer,Indonesia,rweblinmf@cbsnews.com
Fix San,9.4,Android,0,$44.28,1/31/2021,Wyszukiwarka Synonimów,Austin,Voysey,Polygender,China,avoyseymg@myspace.com
Fix San,0.8.5,IOS,3,$44.96,6/13/2021,Notatnik,Brigit,Jedryka,Agender,Russia,bjedrykamh@elpais.com
Overhold,0.16,IOS,5,$39.85,7/5/2020,Tłumacz,Doe,Acomb,Agender,Philippines,dacombmi@usda.gov
Cookley,0.4.3,IOS,4,$14.86,8/2/2021,Kreator Postaci,Orv,Steeples,Female,Brazil,osteeplesmj@time.com
Y-Solowarm,0.41,IOS,2,$17.14,5/1/2020,Komunikator,Cindelyn,Parkman,Polygender,Comoros,cparkmanmk@cisco.com
Sub-Ex,6.4,IOS,1,$32.91,5/17/2021,Kreator Postaci,Eachelle,Sarjent,Genderqueer,Czech Republic,esarjentml@sina.com.cn
Holdlamis,5.1,Android,1,$46.77,6/22/2021,Kreator Okładek,Haze,Tierney,Agender,Russia,htierneymm@techcrunch.com
Overhold,0.1.3,IOS,0,$24.63,10/31/2021,Notatnik,Maurise,Goodfellowe,Non-binary,Belarus,mgoodfellowemn@microsoft.com
Voltsillam,5.66,IOS,3,$5.67,8/21/2020,Sprawdzanie Poprawności Pisowni,Ade,Coite,Polygender,China,acoitemo@ameblo.jp
Bamity,0.60,Android,2,$4.92,9/23/2021,Blog,Eliot,Sparsholt,Agender,Japan,esparsholtmp@scientificamerican.com
Domainer,0.1.4,IOS,2,$48.40,11/3/2020,Galeria tematyczna,Hewett,Aizik,Genderfluid,Czech Republic,haizikmq@senate.gov
Holdlamis,9.0,IOS,0,$5.40,4/16/2021,Sprawdzanie Poprawności Pisowni,Kirstin,Giraudeau,Female,Indonesia,kgiraudeaumr@nytimes.com
Treeflex,3.59,Android,5,$4.41,8/11/2021,Notatnik,Evangeline,Beckers,Non-binary,China,ebeckersms@webnode.com
Zaam-Dox,0.5.3,IOS,0,$34.47,12/20/2020,Odtwarzacz muzyki,Issiah,Klaves,Female,Indonesia,iklavesmt@cyberchimps.com
Bitwolf,3.00,IOS,2,$26.35,7/15/2021,Sprawdzanie Poprawności Pisowni,Kiley,Copello,Bigender,Cuba,kcopellomu@drupal.org
Sonsing,8.81,IOS,4,$45.48,2/3/2020,Tłumacz,Brendon,Fallen,Bigender,China,bfallenmv@360.cn
Stringtough,3.0,IOS,5,$2.90,8/1/2020,Wyszukiwarka Synonimów,Sephira,Simonsen,Non-binary,Japan,ssimonsenmw@bloglines.com
Stim,9.8,IOS,5,$30.09,6/17/2021,Tłumacz,Tobi,Tinmouth,Genderfluid,China,ttinmouthmx@t.co
Otcom,5.21,Android,1,$15.29,3/16/2021,Galeria tematyczna,Audy,McNaught,Female,Canada,amcnaughtmy@usgs.gov
Ronstring,8.59,IOS,1,$24.45,12/28/2020,Odtwarzacz muzyki,Had,Skilling,Male,Peru,hskillingmz@flickr.com
Prodder,7.4.5,Android,4,$47.07,2/26/2020,Notatnik,Cris,Soldi,Female,Russia,csoldin0@ihg.com
Gembucket,0.42,IOS,1,$16.36,8/13/2021,Blog,Davidde,Steinhammer,Male,Nigeria,dsteinhammern1@chicagotribune.com
Tresom,0.7.0,IOS,5,$5.27,8/29/2021,Galeria tematyczna,Norma,Boshere,Male,Venezuela,nbosheren2@archive.org
Flowdesk,6.2.5,Android,3,$24.37,12/6/2020,Kreator Okładek,Wolf,Duffree,Male,Indonesia,wduffreen3@google.com.br
Lotstring,0.6.7,IOS,3,$4.24,9/20/2020,Kreator Postaci,Bernardina,Story,Bigender,Mexico,bstoryn4@businesswire.com
Ronstring,4.5.6,Android,4,$17.08,3/14/2020,Odtwarzacz muzyki,Marcy,Appleby,Non-binary,Russia,mapplebyn5@apache.org
Bigtax,1.13,IOS,0,$20.67,9/1/2020,Wyszukiwarka Synonimów,Collen,Marsy,Male,China,cmarsyn6@bloglovin.com
Hatity,1.53,IOS,4,$6.74,3/3/2021,Wyszukiwarka Synonimów,Alidia,McArt,Female,China,amcartn7@homestead.com
Temp,9.67,Android,3,$46.68,9/6/2020,Tłumacz,Corenda,Tchir,Agender,China,ctchirn8@cocolog-nifty.com
Tresom,9.8,Android,2,$27.16,8/29/2021,Kreator Okładek,Vinnie,Eaken,Genderfluid,Armenia,veakenn9@seesaa.net
Stim,8.0.4,Android,1,$43.83,12/27/2019,Wyszukiwarka Synonimów,Vernor,Peoples,Bigender,China,vpeoplesna@sciencedaily.com
Cookley,9.61,Android,0,$40.48,3/30/2021,Odtwarzacz muzyki,Anne,McCarney,Genderqueer,Thailand,amccarneynb@sbwire.com
Veribet,2.7.6,IOS,4,$49.37,7/25/2020,Galeria tematyczna,Paolo,Furmage,Genderqueer,France,pfurmagenc@cnet.com
Fix San,7.8.9,IOS,0,$12.60,2/27/2021,Blog,Fredra,Siggin,Genderqueer,Philippines,fsigginnd@oakley.com
Sub-Ex,4.40,Android,5,$1.38,5/22/2020,Wyszukiwarka Synonimów,Phip,Glandon,Genderqueer,Iran,pglandonne@plala.or.jp
Zathin,0.15,IOS,1,$5.43,8/5/2021,Galeria tematyczna,Kirby,Bensusan,Genderqueer,Portugal,kbensusannf@vimeo.com
Fintone,3.7.8,IOS,2,$15.86,8/12/2020,Wyszukiwarka Synonimów,Sonnie,Mosdell,Agender,Indonesia,smosdellng@oaic.gov.au
Namfix,7.1,IOS,0,$26.83,1/18/2021,Sprawdzanie Poprawności Pisowni,Myron,Stearndale,Non-binary,Costa Rica,mstearndalenh@g.co
Konklab,0.98,Android,3,$21.83,11/29/2021,Tłumacz,Lissy,D'Cruze,Male,South Korea,ldcruzeni@google.com.hk
Stim,0.16,IOS,4,$13.85,12/23/2020,Notatnik,Jessie,Grinov,Genderqueer,China,jgrinovnj@unesco.org
Alpha,6.3.7,IOS,3,$41.11,4/20/2020,Kreator Postaci,Johannes,Gooch,Polygender,Japan,jgoochnk@buzzfeed.com
Flowdesk,9.0.9,Android,0,$11.36,3/23/2020,Tłumacz,Porty,Hartshorne,Genderqueer,China,phartshornenl@ning.com
Prodder,0.3.6,IOS,5,$28.28,3/5/2021,Kreator Okładek,Fanya,Risso,Agender,Republic of the Congo,frissonm@disqus.com
Transcof,4.2,Android,0,$34.49,5/25/2020,Kreator Postaci,Noble,Bilsland,Bigender,Nigeria,nbilslandnn@about.com
Rank,4.27,IOS,5,$19.43,7/14/2020,Odtwarzacz muzyki,Eduino,Primo,Agender,Morocco,eprimono@ask.com
Latlux,0.7.0,Android,3,$12.16,1/9/2020,Blog,Tirrell,Andrieu,Female,Philippines,tandrieunp@un.org
Duobam,0.32,Android,4,$1.11,6/19/2021,Kreator Postaci,Kellby,Huckfield,Agender,China,khuckfieldnq@eventbrite.com
Stim,0.85,Android,5,$37.91,10/24/2020,Tłumacz,Rudd,Keighley,Non-binary,Philippines,rkeighleynr@issuu.com
Temp,5.5,IOS,2,$1.51,2/17/2021,Odtwarzacz muzyki,Allegra,Huggons,Non-binary,Poland,ahuggonsns@eepurl.com
Tres-Zap,3.5,Android,2,$46.35,5/6/2021,Kreator Postaci,Torrey,Lysaght,Bigender,Poland,tlysaghtnt@twitpic.com
Opela,6.1,Android,1,$48.26,3/12/2021,Wyszukiwarka Synonimów,Cynthia,Chomiszewski,Bigender,Indonesia,cchomiszewskinu@ucoz.com
Pannier,9.4.5,IOS,0,$45.08,7/31/2020,Blog,Shayne,Littleton,Male,Indonesia,slittletonnv@yolasite.com
Andalax,1.8,Android,5,$14.11,4/1/2021,Tłumacz,Dodi,Wildgoose,Agender,China,dwildgoosenw@va.gov
Bytecard,0.77,IOS,3,$4.76,12/27/2020,Kreator Postaci,Tasia,Tebbutt,Genderfluid,United States,ttebbuttnx@house.gov
Alphazap,6.78,Android,2,$34.63,6/13/2021,Kreator Okładek,Kailey,Whitticks,Male,Indonesia,kwhitticksny@indiatimes.com
Redhold,0.34,Android,1,$3.92,3/30/2020,Blog,Sidonnie,Petz,Bigender,Indonesia,spetznz@stanford.edu
Opela,0.60,IOS,4,$44.43,7/20/2021,Odtwarzacz muzyki,Del,Padley,Polygender,France,dpadleyo0@microsoft.com
Y-find,0.5.0,IOS,0,$22.77,9/5/2021,Kreator Okładek,Annabella,O'Lyhane,Male,Japan,aolyhaneo1@unesco.org
Matsoft,1.01,IOS,0,$33.91,5/17/2021,Sprawdzanie Poprawności Pisowni,Leoline,Copcote,Bigender,Philippines,lcopcoteo2@flickr.com
Overhold,6.0.6,Android,3,$17.06,3/19/2020,Kreator Postaci,Hasheem,Trangmar,Non-binary,Indonesia,htrangmaro3@google.com.au
Bitchip,9.4.3,Android,2,$24.56,1/27/2020,Wyszukiwarka Synonimów,Alaster,Geerling,Agender,Serbia,ageerlingo4@skyrock.com
Ventosanzap,0.13,IOS,5,$36.26,7/7/2021,Notatnik,Erin,Gianelli,Polygender,Brazil,egianellio5@sohu.com
Namfix,0.2.9,IOS,2,$17.95,2/16/2020,Komunikator,Melantha,Tew,Genderfluid,Philippines,mtewo6@bigcartel.com
Cardguard,3.2.1,Android,5,$13.29,10/24/2021,Sprawdzanie Poprawności Pisowni,Cherice,Summerbell,Non-binary,Ukraine,csummerbello7@abc.net.au
Temp,8.8,IOS,0,$0.48,10/23/2020,Komunikator,Karly,Barrus,Non-binary,Poland,kbarruso8@sfgate.com
Tres-Zap,0.7.6,IOS,5,$44.73,5/21/2020,Kreator Okładek,Perla,Chivers,Agender,Czech Republic,pchiverso9@rediff.com
Stronghold,5.4,IOS,5,$28.39,2/10/2021,Notatnik,Lindsy,Alwen,Non-binary,Philippines,lalwenoa@walmart.com
Konklab,0.97,IOS,0,$5.69,4/20/2020,Sprawdzanie Poprawności Pisowni,Patricio,MacMurray,Female,China,pmacmurrayob@youtu.be
Job,0.91,IOS,0,$34.96,6/8/2020,Kreator Postaci,Thatcher,Dullard,Polygender,Peru,tdullardoc@webmd.com
Job,9.97,Android,5,$11.65,11/24/2021,Komunikator,Dani,Sarjeant,Agender,Indonesia,dsarjeantod@theglobeandmail.com
Span,0.76,Android,0,$39.64,1/22/2020,Kreator Okładek,Gregoor,Atrill,Bigender,Brazil,gatrilloe@google.pl
Bamity,0.30,Android,0,$12.81,5/10/2020,Komunikator,Aeriela,Chumley,Male,Russia,achumleyof@behance.net
Home Ing,3.53,Android,2,$37.47,2/2/2020,Kreator Okładek,Randene,Scotchmer,Male,Ireland,rscotchmerog@house.gov
Solarbreeze,5.80,IOS,1,$49.88,1/23/2020,Notatnik,Rosabelle,Kroch,Male,Poland,rkrochoh@1688.com
Tresom,4.7.6,IOS,1,$38.94,3/25/2021,Sprawdzanie Poprawności Pisowni,Levon,Laycock,Genderfluid,Peru,llaycockoi@techcrunch.com
Zamit,0.84,Android,5,$23.37,12/29/2019,Odtwarzacz muzyki,Malcolm,Bostock,Polygender,Indonesia,mbostockoj@wiley.com
Subin,0.57,IOS,3,$4.14,12/28/2020,Kreator Okładek,Ignatius,Crowthe,Genderqueer,Canada,icrowtheok@gizmodo.com
Y-Solowarm,2.56,IOS,3,$37.34,2/20/2021,Tłumacz,Farris,Keable,Polygender,Ukraine,fkeableol@freewebs.com
Opela,6.16,IOS,1,$36.72,6/26/2020,Blog,Aubrey,Kollas,Bigender,Poland,akollasom@networksolutions.com
Trippledex,0.6.5,IOS,3,$25.60,5/1/2021,Notatnik,Charmion,Mollett,Genderfluid,Poland,cmolletton@tinyurl.com
Fintone,0.79,IOS,1,$47.92,3/30/2021,Galeria tematyczna,Marybeth,Longhorn,Non-binary,Portugal,mlonghornoo@dion.ne.jp
Fixflex,4.61,IOS,2,$16.70,10/11/2020,Notatnik,Marchelle,Diess,Non-binary,China,mdiessop@cargocollective.com
Treeflex,5.1,Android,5,$14.53,10/10/2021,Tłumacz,Roslyn,Pulster,Female,Russia,rpulsteroq@macromedia.com
Opela,0.61,Android,2,$43.64,4/15/2020,Notatnik,Vern,Llewelly,Male,Puerto Rico,vllewellyor@symantec.com
Toughjoyfax,9.2.5,IOS,1,$31.87,5/18/2021,Odtwarzacz muzyki,Marlo,Georgeau,Polygender,Nigeria,mgeorgeauos@spiegel.de
Span,0.6.3,Android,1,$20.85,10/19/2020,Komunikator,Hallie,Searles,Non-binary,Mongolia,hsearlesot@dyndns.org
Y-Solowarm,4.1,Android,1,$27.67,3/5/2021,Komunikator,Marysa,Willshaw,Genderfluid,Malaysia,mwillshawou@prnewswire.com
Ronstring,0.55,Android,5,$40.93,12/16/2020,Wyszukiwarka Synonimów,Dex,Heinicke,Agender,Brazil,dheinickeov@vistaprint.com
Job,0.7.0,Android,0,$44.59,11/29/2021,Galeria tematyczna,Vale,Heaselgrave,Agender,China,vheaselgraveow@ox.ac.uk
Job,0.58,IOS,3,$18.59,6/22/2020,Galeria tematyczna,Chrisse,Delany,Non-binary,Indonesia,cdelanyox@census.gov
Flexidy,0.8.3,IOS,0,$3.01,6/15/2021,Blog,Jourdan,Rickets,Polygender,Czech Republic,jricketsoy@nymag.com
Fixflex,0.40,IOS,1,$21.28,11/20/2020,Galeria tematyczna,Lucy,Randerson,Bigender,China,lrandersonoz@mapy.cz
